2025-12-01 15:07:15,796 [INFO] Activator:176 - 


2025-12-01 15:07:15,798 [INFO] Activator:177 - !SESSION log4j initialized
2025-12-01 15:07:17,981 [INFO] LogOutputStream:77 - [STDOUT_REDIRECT] 
2025-12-01 15:07:19,991 [INFO] ApplicationProperties:184 - Using Application install path: /opt/st/stm32cubeide_1.19.0/plugins/com.st.stm32cube.common.mx_6.15.0.202507011659
2025-12-01 15:07:20,012 [INFO] DbMcusXml:78 - Set database path to: /opt/st/stm32cubeide_1.19.0/plugins/com.st.stm32cube.common.mx_6.15.0.202507011659//db//mcu/
2025-12-01 15:07:20,013 [INFO] ApiDb:274 - Set plugin database path to: /opt/st/stm32cubeide_1.19.0/plugins/com.st.stm32cube.common.mx_6.15.0.202507011659//db//plugins/boardmanager/
2025-12-01 15:07:20,013 [WARN] ApiDb:259 - Overriding images path with different value:  => /opt/st/stm32cubeide_1.19.0/plugins/com.st.stm32cube.common.mx_6.15.0.202507011659//db//plugins/mcufinder/images/
2025-12-01 15:07:20,017 [INFO] ApiDb:250 - Set database path to: /home/sunbeam/.stmcufinder/plugins/mcufinder//mcu/
2025-12-01 15:07:20,019 [INFO] DbMcusAds:125 - Set database path to: /home/sunbeam/.stmcufinder/plugins/mcufinder//mcu/
2025-12-01 15:07:20,021 [INFO] CrossReferenceDbSqlite:203 - Set database path to: /home/sunbeam/.stmcufinder/plugins/mcufinder//mcu/cs/
2025-12-01 15:07:20,136 [INFO] RulesReader:64 - Compatibility file has been processed (317 Rules)
2025-12-01 15:07:20,208 [INFO] DbMcusXml:78 - Set database path to: /opt/st/stm32cubeide_1.19.0/plugins/com.st.stm32cube.common.mx_6.15.0.202507011659//db//mcu/
2025-12-01 15:07:20,208 [INFO] ApiDb:274 - Set plugin database path to: /opt/st/stm32cubeide_1.19.0/plugins/com.st.stm32cube.common.mx_6.15.0.202507011659//db//plugins/boardmanager/
2025-12-01 15:07:20,208 [INFO] ApiDb:261 - Set plugin images path to: /opt/st/stm32cubeide_1.19.0/plugins/com.st.stm32cube.common.mx_6.15.0.202507011659//db//plugins/mcufinder/images/
2025-12-01 15:07:20,208 [WARN] DbFile:41 - Overriding database path with different value: /home/sunbeam/.stmcufinder/plugins/mcufinder/ => /home/sunbeam/.stmcufinder/plugins/mcufinder
2025-12-01 15:07:20,208 [INFO] ApiDb:250 - Set database path to: /home/sunbeam/.stmcufinder/plugins/mcufinder//mcu/
2025-12-01 15:07:20,208 [WARN] DbFile:41 - Overriding database path with different value: /home/sunbeam/.stmcufinder/plugins/mcufinder/ => /home/sunbeam/.stmcufinder/plugins/mcufinder
2025-12-01 15:07:20,208 [INFO] DbMcusAds:125 - Set database path to: /home/sunbeam/.stmcufinder/plugins/mcufinder//mcu/
2025-12-01 15:07:20,208 [WARN] DbFile:41 - Overriding database path with different value: /home/sunbeam/.stmcufinder/plugins/mcufinder/ => /home/sunbeam/.stmcufinder/plugins/mcufinder
2025-12-01 15:07:20,209 [WARN] DbFile:41 - Overriding database path with different value: /home/sunbeam/.stmcufinder/plugins/mcufinder/ => /home/sunbeam/.stmcufinder/plugins/mcufinder
2025-12-01 15:07:20,209 [INFO] CrossReferenceDbSqlite:203 - Set database path to: /home/sunbeam/.stmcufinder/plugins/mcufinder//mcu/cs/
2025-12-01 15:07:20,285 [INFO] MainPanel:274 - HeapMemory: 268435456
2025-12-01 15:07:20,401 [INFO] DbMcusXml:78 - Set database path to: /opt/st/stm32cubeide_1.19.0/plugins/com.st.stm32cube.common.mx_6.15.0.202507011659//db//mcu/
2025-12-01 15:07:20,401 [INFO] ApiDb:274 - Set plugin database path to: /opt/st/stm32cubeide_1.19.0/plugins/com.st.stm32cube.common.mx_6.15.0.202507011659//db//plugins/boardmanager/
2025-12-01 15:07:20,401 [INFO] ApiDb:261 - Set plugin images path to: /opt/st/stm32cubeide_1.19.0/plugins/com.st.stm32cube.common.mx_6.15.0.202507011659//db//plugins/mcufinder/images/
2025-12-01 15:07:20,401 [WARN] DbFile:41 - Overriding database path with different value: /home/sunbeam/.stmcufinder/plugins/mcufinder/ => /home/sunbeam/.stmcufinder/plugins/mcufinder
2025-12-01 15:07:20,401 [INFO] ApiDb:250 - Set database path to: /home/sunbeam/.stmcufinder/plugins/mcufinder//mcu/
2025-12-01 15:07:20,402 [WARN] DbFile:41 - Overriding database path with different value: /home/sunbeam/.stmcufinder/plugins/mcufinder/ => /home/sunbeam/.stmcufinder/plugins/mcufinder
2025-12-01 15:07:20,402 [INFO] DbMcusAds:125 - Set database path to: /home/sunbeam/.stmcufinder/plugins/mcufinder//mcu/
2025-12-01 15:07:20,402 [WARN] DbFile:41 - Overriding database path with different value: /home/sunbeam/.stmcufinder/plugins/mcufinder/ => /home/sunbeam/.stmcufinder/plugins/mcufinder
2025-12-01 15:07:20,402 [WARN] DbFile:41 - Overriding database path with different value: /home/sunbeam/.stmcufinder/plugins/mcufinder/ => /home/sunbeam/.stmcufinder/plugins/mcufinder
2025-12-01 15:07:20,402 [INFO] CrossReferenceDbSqlite:203 - Set database path to: /home/sunbeam/.stmcufinder/plugins/mcufinder//mcu/cs/
2025-12-01 15:07:20,416 [INFO] ApplicationProperties:184 - Using Application install path: /opt/st/stm32cubeide_1.19.0/plugins/com.st.stm32cube.common.mx_6.15.0.202507011659
2025-12-01 15:07:20,418 [INFO] PluginManage:196 - Search for loadable plugins [exclusion list=, ]
2025-12-01 15:07:20,419 [INFO] PluginManage:310 - Check plugin analytics
2025-12-01 15:07:20,585 [INFO] AnalyticsPlugin:253 - Accepted Software Licenses: 
2025-12-01 15:07:20,585 [INFO] AnalyticsPlugin:255 - Accepted CMSIS Pack Licenses: 
2025-12-01 15:07:20,585 [INFO] AnalyticsPlugin:257 - Accepted Firmware Licenses: FW.F4.1.28.0
2025-12-01 15:07:20,588 [INFO] PluginManage:359 - Loaded plugin analytics (category:tool,tabindex:-1)
2025-12-01 15:07:20,588 [INFO] PluginManage:310 - Check plugin cadmodel
2025-12-01 15:07:20,593 [INFO] CADModel:105 - Init CAD model plugin
2025-12-01 15:07:20,594 [INFO] PluginManage:359 - Loaded plugin cadmodel (category:power,tabindex:5)
2025-12-01 15:07:20,594 [INFO] PluginManage:310 - Check plugin clock
2025-12-01 15:07:20,602 [INFO] PluginManage:359 - Loaded plugin clock (category:base,tabindex:2)
2025-12-01 15:07:20,603 [INFO] PluginManage:310 - Check plugin ddr
2025-12-01 15:07:20,605 [INFO] PluginManage:359 - Loaded plugin ddr (category:tool,tabindex:6)
2025-12-01 15:07:20,605 [INFO] PluginManage:310 - Check plugin filemanager
2025-12-01 15:07:20,754 [INFO] PluginManage:359 - Loaded plugin filemanager (category:base,tabindex:10)
2025-12-01 15:07:20,754 [INFO] PluginManage:310 - Check plugin ipmanager
2025-12-01 15:07:20,758 [INFO] PluginManage:359 - Loaded plugin ipmanager (category:base,tabindex:5)
2025-12-01 15:07:20,758 [INFO] PluginManage:310 - Check plugin lpbam
2025-12-01 15:07:20,767 [INFO] PluginManage:359 - Loaded plugin lpbam (category:base,tabindex:0)
2025-12-01 15:07:20,767 [INFO] PluginManage:310 - Check plugin memorymap
2025-12-01 15:07:20,778 [INFO] PluginManage:359 - Loaded plugin memorymap (category:base,tabindex:4)
2025-12-01 15:07:20,778 [INFO] PluginManage:310 - Check plugin pinoutandconfiguration
2025-12-01 15:07:20,787 [INFO] PluginManage:359 - Loaded plugin pinoutandconfiguration (category:base,tabindex:1)
2025-12-01 15:07:20,787 [INFO] PluginManage:310 - Check plugin pinoutconfig
2025-12-01 15:07:20,915 [WARN] SupportedApi:132 - Cannot load RTOS API schema: s4s-elt-must-match.1: The content of 'definitions' must match (annotation?, (simpleType | complexType)?, (unique | key | keyref)*)). A problem was found starting at: attribute.
2025-12-01 15:07:21,055 [INFO] PluginManage:359 - Loaded plugin pinoutconfig (category:base,tabindex:0)
2025-12-01 15:07:21,055 [INFO] PluginManage:310 - Check plugin power
2025-12-01 15:07:21,062 [INFO] PluginManage:359 - Loaded plugin power (category:power,tabindex:4)
2025-12-01 15:07:21,062 [INFO] PluginManage:310 - Check plugin projectmanager
2025-12-01 15:07:21,075 [INFO] PluginManage:359 - Loaded plugin projectmanager (category:projectmanager,tabindex:4)
2025-12-01 15:07:21,075 [INFO] PluginManage:310 - Check plugin rif
2025-12-01 15:07:21,082 [INFO] PluginManage:359 - Loaded plugin rif (category:base,tabindex:3)
2025-12-01 15:07:21,083 [INFO] PluginManage:310 - Check plugin thirdparty
2025-12-01 15:07:21,172 [INFO] PluginManage:359 - Loaded plugin thirdparty (category:base,tabindex:-1)
2025-12-01 15:07:21,173 [INFO] PluginManage:310 - Check plugin tools
2025-12-01 15:07:21,172 [WARN] IntegrityCheckThread:84 - waiting for thirdparty lock release [integrity check]
2025-12-01 15:07:21,173 [INFO] IntegrityCheckThread:86 - entering critical section [integrity check]
2025-12-01 15:07:21,173 [INFO] ThirdPartyUpdaterWithRetryManager:70 - Updater plugin not ready yet. [1/15]
2025-12-01 15:07:21,174 [INFO] PluginManage:359 - Loaded plugin tools (category:base,tabindex:7)
2025-12-01 15:07:21,174 [INFO] PluginManage:310 - Check plugin tutovideos
2025-12-01 15:07:21,335 [INFO] PluginManage:359 - Loaded plugin tutovideos (category:base,tabindex:-1)
2025-12-01 15:07:21,335 [INFO] PluginManage:310 - Check plugin updater
2025-12-01 15:07:21,354 [INFO] PluginManage:359 - Loaded plugin updater (category:base,tabindex:12)
2025-12-01 15:07:21,354 [INFO] PluginManage:310 - Check plugin userauth
2025-12-01 15:07:21,357 [INFO] UserAuth:118 - Init User Auth plugin
2025-12-01 15:07:21,358 [INFO] PluginManage:359 - Loaded plugin userauth (category:base,tabindex:14)
2025-12-01 15:07:21,359 [INFO] PluginManage:283 - PluginManage : Loaded plugins [18]
2025-12-01 15:07:21,546 [INFO] PinOutPanel:1589 - setPackage(No Configuration,No Configuration)
2025-12-01 15:07:21,609 [INFO] CADModel:165 - CPN selected for project level
2025-12-01 15:07:21,610 [INFO] CADModel:114 - Register for checkConnection events
2025-12-01 15:07:21,622 [INFO] IPUIPlugin:80 - create IPUIPlugin
2025-12-01 15:07:21,623 [INFO] PluginManager:220 - loadIPPluginJar : add dfsdm
2025-12-01 15:07:21,627 [INFO] IPUIPlugin:80 - create IPUIPlugin
2025-12-01 15:07:21,628 [INFO] PluginManager:220 - loadIPPluginJar : add gfxmmu
2025-12-01 15:07:21,630 [INFO] IPUIPlugin:80 - create IPUIPlugin
2025-12-01 15:07:21,631 [INFO] PluginManager:220 - loadIPPluginJar : add i3c
2025-12-01 15:07:21,633 [INFO] IPUIPlugin:80 - create IPUIPlugin
2025-12-01 15:07:21,634 [INFO] PluginManager:220 - loadIPPluginJar : add sai
2025-12-01 15:07:21,639 [INFO] IPUIPlugin:80 - create IPUIPlugin
2025-12-01 15:07:21,639 [INFO] PluginManager:220 - loadIPPluginJar : add dma
2025-12-01 15:07:21,641 [INFO] IPUIPlugin:80 - create IPUIPlugin
2025-12-01 15:07:21,641 [INFO] PluginManager:220 - loadIPPluginJar : add quadspi
2025-12-01 15:07:21,644 [INFO] IPUIPlugin:80 - create IPUIPlugin
2025-12-01 15:07:21,644 [INFO] PluginManager:220 - loadIPPluginJar : add opamp
2025-12-01 15:07:21,646 [INFO] IPUIPlugin:80 - create IPUIPlugin
2025-12-01 15:07:21,646 [INFO] PluginManager:220 - loadIPPluginJar : add comp
2025-12-01 15:07:21,652 [INFO] IPUIPlugin:80 - create IPUIPlugin
2025-12-01 15:07:21,654 [INFO] PluginManager:220 - loadIPPluginJar : add plateformsettings
2025-12-01 15:07:21,655 [INFO] IPUIPlugin:80 - create IPUIPlugin
2025-12-01 15:07:21,655 [INFO] PluginManager:220 - loadIPPluginJar : add ltdc
2025-12-01 15:07:21,659 [INFO] IPUIPlugin:80 - create IPUIPlugin
2025-12-01 15:07:21,659 [INFO] PluginManager:220 - loadIPPluginJar : add nvic
2025-12-01 15:07:21,660 [INFO] IPUIPlugin:80 - create IPUIPlugin
2025-12-01 15:07:21,660 [INFO] PluginManager:220 - loadIPPluginJar : add fatfs
2025-12-01 15:07:21,664 [INFO] IPUIPlugin:80 - create IPUIPlugin
2025-12-01 15:07:21,665 [INFO] PluginManager:220 - loadIPPluginJar : add gpio
2025-12-01 15:07:21,667 [INFO] IPUIPlugin:80 - create IPUIPlugin
2025-12-01 15:07:21,668 [INFO] PluginManager:220 - loadIPPluginJar : add aes
2025-12-01 15:07:21,672 [INFO] IPUIPlugin:80 - create IPUIPlugin
2025-12-01 15:07:21,672 [INFO] PluginManager:220 - loadIPPluginJar : add mdma
2025-12-01 15:07:21,675 [INFO] IPUIPlugin:80 - create IPUIPlugin
2025-12-01 15:07:21,675 [INFO] PluginManager:220 - loadIPPluginJar : add pdm2pcm
2025-12-01 15:07:21,682 [INFO] IPUIPlugin:80 - create IPUIPlugin
2025-12-01 15:07:21,682 [INFO] PluginManager:220 - loadIPPluginJar : add linkedlist
2025-12-01 15:07:21,685 [INFO] IPUIPlugin:80 - create IPUIPlugin
2025-12-01 15:07:21,685 [INFO] PluginManager:220 - loadIPPluginJar : add usart
2025-12-01 15:07:21,687 [INFO] IPUIPlugin:80 - create IPUIPlugin
2025-12-01 15:07:21,687 [INFO] PluginManager:220 - loadIPPluginJar : add i2c
2025-12-01 15:07:21,689 [INFO] IPUIPlugin:80 - create IPUIPlugin
2025-12-01 15:07:21,689 [INFO] PluginManager:220 - loadIPPluginJar : add lorawan
2025-12-01 15:07:21,692 [INFO] IPUIPlugin:80 - create IPUIPlugin
2025-12-01 15:07:21,692 [INFO] PluginManager:220 - loadIPPluginJar : add usbx
2025-12-01 15:07:21,698 [INFO] IPUIPlugin:80 - create IPUIPlugin
2025-12-01 15:07:21,698 [INFO] PluginManager:220 - loadIPPluginJar : add fmc
2025-12-01 15:07:21,701 [INFO] IPUIPlugin:80 - create IPUIPlugin
2025-12-01 15:07:21,701 [INFO] PluginManager:220 - loadIPPluginJar : add extmemmanager
2025-12-01 15:07:21,705 [INFO] IPUIPlugin:80 - create IPUIPlugin
2025-12-01 15:07:21,705 [INFO] PluginManager:220 - loadIPPluginJar : add freertos
2025-12-01 15:07:21,707 [INFO] IPUIPlugin:80 - create IPUIPlugin
2025-12-01 15:07:21,707 [INFO] PluginManager:220 - loadIPPluginJar : add can
2025-12-01 15:07:21,710 [INFO] IPUIPlugin:80 - create IPUIPlugin
2025-12-01 15:07:21,710 [INFO] PluginManager:220 - loadIPPluginJar : add touchsensing
2025-12-01 15:07:21,712 [INFO] IPUIPlugin:80 - create IPUIPlugin
2025-12-01 15:07:21,712 [INFO] PluginManager:220 - loadIPPluginJar : add tracer_emb
2025-12-01 15:07:21,714 [INFO] IPUIPlugin:80 - create IPUIPlugin
2025-12-01 15:07:21,715 [INFO] PluginManager:220 - loadIPPluginJar : add ucpd
2025-12-01 15:07:21,716 [INFO] IPUIPlugin:80 - create IPUIPlugin
2025-12-01 15:07:21,716 [INFO] PluginManager:220 - loadIPPluginJar : add ts
2025-12-01 15:07:21,717 [INFO] IPUIPlugin:80 - create IPUIPlugin
2025-12-01 15:07:21,718 [INFO] PluginManager:220 - loadIPPluginJar : add tsc
2025-12-01 15:07:21,720 [INFO] IPUIPlugin:80 - create IPUIPlugin
2025-12-01 15:07:21,720 [INFO] PluginManager:220 - loadIPPluginJar : add resmgrutility
2025-12-01 15:07:21,721 [INFO] IPUIPlugin:80 - create IPUIPlugin
2025-12-01 15:07:21,721 [INFO] PluginManager:220 - loadIPPluginJar : add cryp
2025-12-01 15:07:21,723 [INFO] IPUIPlugin:80 - create IPUIPlugin
2025-12-01 15:07:21,723 [INFO] PluginManager:220 - loadIPPluginJar : add openamp
2025-12-01 15:07:21,728 [INFO] IPUIPlugin:80 - create IPUIPlugin
2025-12-01 15:07:21,729 [INFO] PluginManager:220 - loadIPPluginJar : add adc
2025-12-01 15:07:21,731 [INFO] IPUIPlugin:80 - create IPUIPlugin
2025-12-01 15:07:21,732 [INFO] PluginManager:220 - loadIPPluginJar : add spi
2025-12-01 15:07:21,734 [INFO] IPUIPlugin:80 - create IPUIPlugin
2025-12-01 15:07:21,735 [INFO] PluginManager:220 - loadIPPluginJar : add ipddr
2025-12-01 15:07:21,741 [INFO] IPUIPlugin:80 - create IPUIPlugin
2025-12-01 15:07:21,741 [INFO] PluginManager:220 - loadIPPluginJar : add stm32_wpan
2025-12-01 15:07:21,745 [INFO] IPUIPlugin:80 - create IPUIPlugin
2025-12-01 15:07:21,746 [INFO] PluginManager:220 - loadIPPluginJar : add gic
2025-12-01 15:07:21,750 [INFO] IPUIPlugin:80 - create IPUIPlugin
2025-12-01 15:07:21,750 [INFO] PluginManager:220 - loadIPPluginJar : add ddr_ctrl_phy
2025-12-01 15:07:21,752 [INFO] IPUIPlugin:80 - create IPUIPlugin
2025-12-01 15:07:21,752 [INFO] PluginManager:220 - loadIPPluginJar : add genericplugin
2025-12-01 15:07:21,754 [INFO] IPUIPlugin:80 - create IPUIPlugin
2025-12-01 15:07:21,754 [INFO] PluginManager:220 - loadIPPluginJar : add hash
2025-12-01 15:07:21,756 [INFO] IPUIPlugin:80 - create IPUIPlugin
2025-12-01 15:07:21,756 [INFO] PluginManager:220 - loadIPPluginJar : add tim
2025-12-01 15:07:21,757 [INFO] IPUIPlugin:80 - create IPUIPlugin
2025-12-01 15:07:21,758 [INFO] PluginManager:220 - loadIPPluginJar : add radio
2025-12-01 15:07:21,760 [INFO] IPUIPlugin:80 - create IPUIPlugin
2025-12-01 15:07:21,761 [INFO] PluginManager:220 - loadIPPluginJar : add gtzc
2025-12-01 15:07:21,763 [INFO] IPUIPlugin:80 - create IPUIPlugin
2025-12-01 15:07:21,764 [INFO] PluginManager:220 - loadIPPluginJar : add i2s
2025-12-01 15:07:21,766 [INFO] IPUIPlugin:80 - create IPUIPlugin
2025-12-01 15:07:21,767 [INFO] PluginManager:220 - loadIPPluginJar : add dma3
2025-12-01 15:07:21,876 [FATAL] Updater:351 - Updater called before beeing initialized
2025-12-01 15:07:21,907 [INFO] RulesReader:64 - Compatibility file has been processed (317 Rules)
2025-12-01 15:07:21,925 [INFO] RulesReader:64 - Compatibility file has been processed (317 Rules)
2025-12-01 15:07:21,934 [INFO] CADModel:165 - CPN selected for project level
2025-12-01 15:07:21,934 [INFO] CADModel:114 - Register for checkConnection events
2025-12-01 15:07:21,934 [FATAL] Updater:351 - Updater called before beeing initialized
2025-12-01 15:07:21,934 [ERROR] CADModel:125 - Updater not yet initialized, retry later 
2025-12-01 15:07:22,118 [FATAL] Updater:351 - Updater called before beeing initialized
2025-12-01 15:07:22,121 [INFO] CADModel:165 - CPN selected for project level
2025-12-01 15:07:22,121 [INFO] CADModel:114 - Register for checkConnection events
2025-12-01 15:07:22,121 [FATAL] Updater:351 - Updater called before beeing initialized
2025-12-01 15:07:22,121 [ERROR] CADModel:125 - Updater not yet initialized, retry later 
2025-12-01 15:07:22,125 [FATAL] Updater:351 - Updater called before beeing initialized
2025-12-01 15:07:22,274 [FATAL] Updater:351 - Updater called before beeing initialized
2025-12-01 15:07:22,279 [INFO] DbMcusAds:53 - JSON generation date=Fri Nov 07 16:43:48 IST 2025 (1762514028606)
2025-12-01 15:07:22,279 [FATAL] Updater:351 - Updater called before beeing initialized
2025-12-01 15:07:22,323 [WARN] DetailPanel:346 - Failed to get advertising image, set to default
2025-12-01 15:07:22,420 [FATAL] Updater:351 - Updater called before beeing initialized
2025-12-01 15:07:22,427 [FATAL] Updater:351 - Updater called before beeing initialized
2025-12-01 15:07:22,427 [FATAL] Updater:351 - Updater called before beeing initialized
2025-12-01 15:07:22,428 [WARN] DetailPanel:346 - Failed to get advertising image, set to default
2025-12-01 15:07:22,429 [FATAL] Updater:351 - Updater called before beeing initialized
2025-12-01 15:07:22,484 [ERROR] Updater:1198 - MainUpdater not yet initialized. External WinMGr cannot be set.
2025-12-01 15:07:22,486 [INFO] Updater:1134 - Updater Version found : 6.15.0
2025-12-01 15:07:22,506 [INFO] ApplicationProperties:184 - Using Application install path: /opt/st/stm32cubeide_1.19.0/plugins/com.st.stm32cube.common.mx_6.15.0.202507011659
2025-12-01 15:07:23,047 [INFO] MainUpdater:2872 - connection check result : 10
2025-12-01 15:07:23,048 [INFO] MainUpdater:289 - Updater Check For Update Now.
2025-12-01 15:07:23,048 [INFO] MicroXplorer:498 - Change Database Version : DB.6.0.150
2025-12-01 15:07:23,054 [INFO] McuFinderGlobals:63 - Set McuFinder mode to 2 (CubeIDE integrated)
2025-12-01 15:07:23,054 [INFO] UserAuth:487 - Internet connection configuration mode: 1
2025-12-01 15:07:23,069 [INFO] JxBrowserEngine:152 - Initiate JxBrowser Engine with user profile folder
2025-12-01 15:07:23,232 [INFO] CheckServerUpdateThread:120 - End of CheckServer Thread
2025-12-01 15:07:23,838 [INFO] WebApp:169 - Instantiating new browser for Auth
2025-12-01 15:07:24,288 [WARN] PackLoader:240 - Cannot read IP mode file for STMicroelectronics.FP-SNS-MOTENVWB1.1.4.0
2025-12-01 15:07:24,294 [WARN] PackLoader:240 - Cannot read IP mode file for STMicroelectronics.FP-ATR-ASTRA1.2.0.2
2025-12-01 15:07:24,300 [WARN] PackLoader:240 - Cannot read IP mode file for STMicroelectronics.X-CUBE-SMBUS.2.1.0
2025-12-01 15:07:24,304 [WARN] PackLoader:240 - Cannot read IP mode file for STMicroelectronics.X-CUBE-ST60.1.0.0
2025-12-01 15:07:24,334 [WARN] PackLoader:240 - Cannot read IP mode file for STMicroelectronics.X-CUBE-AZRTOS-F7.1.1.0
2025-12-01 15:07:24,343 [WARN] PackLoader:240 - Cannot read IP mode file for STMicroelectronics.FP-SNS-MOTENV1.5.1.0
2025-12-01 15:07:24,375 [WARN] PackLoader:240 - Cannot read IP mode file for Infineon.AIROC-Wi-Fi-Bluetooth-STM32.1.7.1
2025-12-01 15:07:24,418 [WARN] PackLoader:240 - Cannot read IP mode file for STMicroelectronics.X-CUBE-AZRTOS-H7.3.4.0
2025-12-01 15:07:24,427 [WARN] PackLoader:240 - Cannot read IP mode file for STMicroelectronics.X-CUBE-DISPLAY.3.0.0
2025-12-01 15:07:24,438 [WARN] PackLoader:240 - Cannot read IP mode file for STMicroelectronics.X-CUBE-NFC10.1.0.0
2025-12-01 15:07:24,452 [WARN] PackLoader:240 - Cannot read IP mode file for STMicroelectronics.X-CUBE-BLEMGR.4.0.0
2025-12-01 15:07:24,461 [WARN] PackLoader:240 - Cannot read IP mode file for STMicroelectronics.X-CUBE-ST60.1.1.0
2025-12-01 15:07:24,469 [WARN] PackLoader:240 - Cannot read IP mode file for emotas.I-CUBE-CANOPEN.1.3.0
2025-12-01 15:07:24,475 [WARN] PackLoader:240 - Cannot read IP mode file for STMicroelectronics.X-CUBE-GNSS1.7.1.0
2025-12-01 15:07:24,481 [WARN] ConditionMgr:438 - getConditionDescription Invalid condition id : Cortex-A Device cause : null
2025-12-01 15:07:24,493 [WARN] ConditionMgr:1044 - genDependencies : Invalid condition id : Cortex-A Device cause : null
2025-12-01 15:07:24,493 [WARN] ConditionMgr:1044 - genDependencies : Invalid condition id : Cortex-A Device cause : null
2025-12-01 15:07:24,493 [WARN] ConditionMgr:1044 - genDependencies : Invalid condition id : Cortex-A Device cause : null
2025-12-01 15:07:24,500 [WARN] PackLoader:240 - Cannot read IP mode file for STMicroelectronics.FP-SNS-STBOX1.2.1.0
2025-12-01 15:07:24,505 [WARN] PackLoader:240 - Cannot read IP mode file for STMicroelectronics.FP-SNS-SMARTAG2.1.2.0
2025-12-01 15:07:24,509 [WARN] PackLoader:240 - Cannot read IP mode file for STMicroelectronics.FP-SNS-FLIGHT1.5.1.0
2025-12-01 15:07:24,517 [INFO] LogOutputStream:77 - [STDOUT_REDIRECT] 1 : Invalid condition id : UX_CORESTACK_Condition cause : null
2025-12-01 15:07:24,518 [INFO] LogOutputStream:77 - [STDOUT_REDIRECT] 1 : Invalid condition id : UX_CORESTACK_Condition cause : null
2025-12-01 15:07:24,518 [INFO] LogOutputStream:77 - [STDOUT_REDIRECT] 1 : Invalid condition id : UX_CORESTACK_Condition cause : null
2025-12-01 15:07:24,519 [INFO] LogOutputStream:77 - [STDOUT_REDIRECT] 1 : Invalid condition id : UX_CORESTACK_Condition cause : null
2025-12-01 15:07:24,519 [INFO] LogOutputStream:77 - [STDOUT_REDIRECT] 1 : Invalid condition id : UX_CORESTACK_Condition cause : null
2025-12-01 15:07:24,520 [INFO] WebApp:463 - Apply proxy settings
2025-12-01 15:07:24,521 [INFO] WebApp:548 - Chromium requires no authentication
2025-12-01 15:07:24,522 [WARN] PackLoader:240 - Cannot read IP mode file for STMicroelectronics.X-CUBE-AZRTOS-WL.2.0.0
2025-12-01 15:07:24,526 [WARN] PackLoader:240 - Cannot read IP mode file for STMicroelectronics.FP-SNS-MOTENV1.5.0.0
2025-12-01 15:07:24,531 [INFO] WebApp:491 - Direct internet connection detected
2025-12-01 15:07:24,544 [WARN] PackLoader:240 - Cannot read IP mode file for STMicroelectronics.X-CUBE-AZRTOS-H7RS.1.2.0
2025-12-01 15:07:24,552 [WARN] PackLoader:240 - Cannot read IP mode file for WES.I-CUBE-Cesium.1.3.0
2025-12-01 15:07:24,556 [WARN] PackLoader:240 - Cannot read IP mode file for STMicroelectronics.X-CUBE-BLE2.3.3.0
2025-12-01 15:07:24,557 [INFO] WebApp:900 - Register for checkConnection events
2025-12-01 15:07:24,557 [INFO] WebApp:463 - Apply proxy settings
2025-12-01 15:07:24,558 [INFO] WebApp:548 - Chromium requires no authentication
2025-12-01 15:07:24,558 [INFO] WebApp:491 - Direct internet connection detected
2025-12-01 15:07:24,570 [WARN] PackLoader:240 - Cannot read IP mode file for STMicroelectronics.X-CUBE-NFC9.1.0.0
2025-12-01 15:07:24,575 [WARN] PackLoader:240 - Cannot read IP mode file for wolfSSL.I-CUBE-wolfSSL.5.8.0
2025-12-01 15:07:24,578 [WARN] PackLoader:240 - Cannot read IP mode file for STMicroelectronics.X-CUBE-BLE1.7.1.0
2025-12-01 15:07:24,582 [WARN] PackLoader:240 - Cannot read IP mode file for wolfSSL.I-CUBE-wolfMQTT.1.19.2
2025-12-01 15:07:24,586 [WARN] PackLoader:240 - Cannot read IP mode file for STMicroelectronics.X-CUBE-FREERTOS.1.4.0
2025-12-01 15:07:24,592 [WARN] PackLoader:240 - Cannot read IP mode file for STMicroelectronics.X-CUBE-EEPRMA1.5.2.0
2025-12-01 15:07:24,598 [WARN] PackLoader:240 - Cannot read IP mode file for STMicroelectronics.X-CUBE-ST67W61.1.1.0
2025-12-01 15:07:24,603 [WARN] PackLoader:240 - Cannot read IP mode file for STMicroelectronics.X-CUBE-AI.10.1.0
2025-12-01 15:07:24,670 [WARN] PackLoader:240 - Cannot read IP mode file for STMicroelectronics.X-CUBE-MEMS1.12.0.0
2025-12-01 15:07:24,789 [INFO] WebApp:225 - Starting web application
2025-12-01 15:07:24,790 [INFO] WebApp:593 - Web application path used /opt/st/stm32cubeide_1.19.0/plugins/com.st.stm32cube.common.mx_6.15.0.202507011659/db/plugins/mcufinder/reactClient1/index.html
2025-12-01 15:07:24,851 [WARN] PackLoader:240 - Cannot read IP mode file for STMicroelectronics.X-CUBE-AZRTOS-G0.1.1.0
2025-12-01 15:07:24,861 [WARN] PackLoader:240 - Cannot read IP mode file for STMicroelectronics.X-CUBE-SAFEA1.1.2.2
2025-12-01 15:07:24,869 [WARN] PackLoader:240 - Cannot read IP mode file for STMicroelectronics.X-CUBE-NFC4.3.0.0
2025-12-01 15:07:24,878 [WARN] PackLoader:240 - Cannot read IP mode file for EmbeddedOffice.I-CUBE-FS-RTOS.1.0.1
2025-12-01 15:07:24,884 [WARN] PackLoader:240 - Cannot read IP mode file for STMicroelectronics.X-CUBE-WB05N.2.0.0
2025-12-01 15:07:24,888 [WARN] PackLoader:240 - Cannot read IP mode file for wolfSSL.I-CUBE-wolfTPM.3.8.0
2025-12-01 15:07:24,894 [WARN] PackLoader:240 - Cannot read IP mode file for STMicroelectronics.X-CUBE-TCPP.4.2.0
2025-12-01 15:07:24,899 [WARN] PackLoader:240 - Cannot read IP mode file for RealThread.X-CUBE-RT-Thread_Nano.4.1.1
2025-12-01 15:07:24,902 [WARN] PackLoader:240 - Cannot read IP mode file for STMicroelectronics.FP-ATR-SIGFOX1.3.2.0
2025-12-01 15:07:24,908 [WARN] PackLoader:240 - Cannot read IP mode file for STMicroelectronics.X-CUBE-EEPRMA1.5.1.0
2025-12-01 15:07:24,914 [WARN] PackLoader:240 - Cannot read IP mode file for ITTIA_DB.I-CUBE-ITTIADB.8.9.0
2025-12-01 15:07:24,925 [WARN] PackLoader:240 - Cannot read IP mode file for STMicroelectronics.X-CUBE-ST67W61.1.0.0
2025-12-01 15:07:24,929 [WARN] PackLoader:240 - Cannot read IP mode file for STMicroelectronics.X-CUBE-AI.10.2.0
2025-12-01 15:07:24,937 [INFO] UserAuth:487 - Internet connection configuration mode: 1
2025-12-01 15:07:24,959 [WARN] PackLoader:240 - Cannot read IP mode file for SEGGER.I-CUBE-embOS.1.3.1
2025-12-01 15:07:25,004 [WARN] PackLoader:240 - Cannot read IP mode file for STMicroelectronics.X-CUBE-ALGOBUILD.1.4.0
2025-12-01 15:07:25,046 [WARN] PackLoader:240 - Cannot read IP mode file for STMicroelectronics.X-CUBE-MEMS1.11.3.0
2025-12-01 15:07:25,163 [WARN] PackLoader:240 - Cannot read IP mode file for STMicroelectronics.X-CUBE-PM33A1.1.0.0
2025-12-01 15:07:25,175 [WARN] PackLoader:240 - Cannot read IP mode file for STMicroelectronics.X-CUBE-AZRTOS-F4.1.1.0
2025-12-01 15:07:25,179 [WARN] PackLoader:240 - Cannot read IP mode file for Avnet-IotConnect.X-CUBE-IoTC-DA16k-PMOD.1.0.0
2025-12-01 15:07:25,180 [WARN] PackLoader:240 - Cannot read IP mode file for STMicroelectronics.X-CUBE-ISPU.2.1.0
2025-12-01 15:07:25,191 [WARN] PackLoader:240 - Cannot read IP mode file for STMicroelectronics.X-CUBE-IPS.3.2.0
2025-12-01 15:07:25,199 [WARN] PackLoader:240 - Cannot read IP mode file for STMicroelectronics.X-CUBE-NFC12.1.0.0
2025-12-01 15:07:25,214 [WARN] PackLoader:240 - Cannot read IP mode file for STMicroelectronics.X-CUBE-AZRTOS-L5.2.0.0
2025-12-01 15:07:25,219 [WARN] PackLoader:240 - Cannot read IP mode file for STMicroelectronics.X-CUBE-NFC6.3.1.0
2025-12-01 15:07:25,225 [WARN] PackLoader:240 - Cannot read IP mode file for STMicroelectronics.X-CUBE-FREERTOS.1.3.1
2025-12-01 15:07:25,228 [WARN] PackLoader:240 - Cannot read IP mode file for STMicroelectronics.X-CUBE-TOUCHGFX.4.26.0
2025-12-01 15:07:25,230 [WARN] PackLoader:240 - Cannot read IP mode file for STMicroelectronics.FP-SNS-STAIOTCFT.1.0.0
2025-12-01 15:07:25,233 [WARN] PackLoader:240 - Cannot read IP mode file for STMicroelectronics.X-CUBE-DPower.1.3.0
2025-12-01 15:07:25,244 [WARN] ConditionMgr:438 - getConditionDescription Invalid condition id : LAN8742 Phy interface Condition cause : null
2025-12-01 15:07:25,244 [WARN] PackLoader:240 - Cannot read IP mode file for STMicroelectronics.X-CUBE-AZRTOS-L4.2.0.0
2025-12-01 15:07:25,245 [WARN] ConditionMgr:1044 - genDependencies : Invalid condition id : LAN8742 Phy interface Condition cause : null
2025-12-01 15:07:25,245 [WARN] ConditionMgr:1044 - genDependencies : Invalid condition id : LAN8742 Phy interface Condition cause : null
2025-12-01 15:07:25,246 [WARN] ConditionMgr:1044 - genDependencies : Invalid condition id : LAN8742 Phy interface Condition cause : null
2025-12-01 15:07:25,250 [WARN] PackLoader:240 - Cannot read IP mode file for STMicroelectronics.X-CUBE-SFXS2LP1.4.0.0
2025-12-01 15:07:25,256 [WARN] PackLoader:240 - Cannot read IP mode file for STMicroelectronics.X-CUBE-BLEMGR.4.1.0
2025-12-01 15:07:25,266 [WARN] ConditionMgr:438 - getConditionDescription Invalid condition id : UX DEVICE CLASS RTOS Condition cause : null
2025-12-01 15:07:25,266 [WARN] ConditionMgr:438 - getConditionDescription Invalid condition id : UX DEVICE CLASS RTOS Condition cause : null
2025-12-01 15:07:25,267 [WARN] PackLoader:240 - Cannot read IP mode file for STMicroelectronics.X-CUBE-AZRTOS-WB.2.0.0
2025-12-01 15:07:25,268 [WARN] ConditionMgr:1044 - genDependencies : Invalid condition id : UX DEVICE CLASS RTOS Condition cause : null
2025-12-01 15:07:25,268 [WARN] ConditionMgr:1044 - genDependencies : Invalid condition id : UX DEVICE CLASS RTOS Condition cause : null
2025-12-01 15:07:25,268 [WARN] ConditionMgr:1044 - genDependencies : Invalid condition id : UX DEVICE CLASS RTOS Condition cause : null
2025-12-01 15:07:25,268 [WARN] ConditionMgr:1044 - genDependencies : Invalid condition id : UX DEVICE CLASS RTOS Condition cause : null
2025-12-01 15:07:25,268 [WARN] ConditionMgr:1044 - genDependencies : Invalid condition id : UX DEVICE CLASS RTOS Condition cause : null
2025-12-01 15:07:25,271 [WARN] PackLoader:240 - Cannot read IP mode file for STMicroelectronics.X-CUBE-GNSS1.7.0.1
2025-12-01 15:07:25,275 [WARN] PackLoader:240 - Cannot read IP mode file for STMicroelectronics.X-CUBE-TOUCHGFX.4.25.0
2025-12-01 15:07:25,278 [WARN] PackLoader:240 - Cannot read IP mode file for STMicroelectronics.FP-SNS-STBOX1.2.0.0
2025-12-01 15:07:25,285 [WARN] PackLoader:240 - Cannot read IP mode file for STMicroelectronics.X-CUBE-SUBG2.5.0.0
2025-12-01 15:07:25,300 [WARN] PackLoader:240 - Cannot read IP mode file for STMicroelectronics.X-CUBE-AZRTOS-H7RS.1.1.0
2025-12-01 15:07:25,303 [WARN] PackLoader:240 - Cannot read IP mode file for Cesanta.I-CUBE-Mongoose.7.13.0
2025-12-01 15:07:25,312 [WARN] PackLoader:240 - Cannot read IP mode file for STMicroelectronics.X-CUBE-AZRTOS-G4.2.0.0
2025-12-01 15:07:25,316 [WARN] PackLoader:240 - Cannot read IP mode file for wolfSSL.I-CUBE-wolfSSH.1.4.20
2025-12-01 15:07:25,319 [WARN] PackLoader:240 - Cannot read IP mode file for STMicroelectronics.X-CUBE-NFC7.2.0.0
2025-12-01 15:07:25,339 [WARN] PackLoader:240 - Cannot read IP mode file for STMicroelectronics.X-CUBE-IPS.3.1.0
2025-12-01 15:07:25,350 [WARN] PackLoader:240 - Cannot read IP mode file for STMicroelectronics.X-CUBE-ALS.1.0.2
2025-12-01 15:07:25,358 [WARN] PackLoader:240 - Cannot read IP mode file for STMicroelectronics.X-CUBE-STSE01.1.0.0
2025-12-01 15:07:25,364 [WARN] PackLoader:240 - Cannot read IP mode file for portGmbH.I-Cube-SoM-uGOAL.1.1.0
2025-12-01 15:07:25,377 [WARN] PackLoader:240 - Cannot read IP mode file for STMicroelectronics.X-CUBE-TOF1.3.4.3
2025-12-01 15:07:25,395 [INFO] ThirdParty:978 - Integrity check success = true
2025-12-01 15:07:25,395 [INFO] IntegrityCheckThread:100 - exiting critical section [integrity check]
2025-12-01 15:07:25,395 [INFO] IntegrityCheckThread:103 - End integrity checks thread
2025-12-01 15:07:25,488 [INFO] WebApp:191 - Connection restablished
2025-12-01 15:07:57,299 [INFO] McuFinderGlobals:63 - Set McuFinder mode to 2 (CubeIDE integrated)
2025-12-01 15:07:57,302 [INFO] MainUpdater:2872 - connection check result : 10
2025-12-01 15:07:57,304 [INFO] McuFinderGlobals:76 - Set McuFinderConnectedMode to true
2025-12-01 15:07:58,050 [INFO] ServerAccessManage:452 - Complete download http(s) 200
2025-12-01 15:07:58,052 [INFO] ServerAccessManage:509 - Download File mcusAds.json._tmp_
2025-12-01 15:07:58,159 [INFO] LoadUrlFilesThread:156 - End of LoadUrlFiles Thread
2025-12-01 15:07:58,753 [INFO] ServerAccessManage:452 - Complete download http(s) 200
2025-12-01 15:07:58,754 [INFO] ServerAccessManage:509 - Download File cube-finder-db.zip
2025-12-01 15:12:31,325 [INFO] FileExtend:248 - Unzip File : cube-finder-db.zip
2025-12-01 15:12:31,325 [INFO] FileExtend:263 - Standard Zip Deflate
2025-12-01 15:12:32,072 [INFO] LoadUrlFilesThread:156 - End of LoadUrlFiles Thread
2025-12-01 15:12:33,466 [INFO] ServerAccessManage:452 - Complete download http(s) 200
2025-12-01 15:12:33,468 [INFO] ServerAccessManage:509 - Download File crdb.zip
2025-12-01 15:12:37,037 [INFO] FileExtend:248 - Unzip File : crdb.zip
2025-12-01 15:12:37,037 [INFO] FileExtend:263 - Standard Zip Deflate
2025-12-01 15:12:37,190 [INFO] LoadUrlFilesThread:156 - End of LoadUrlFiles Thread
2025-12-01 15:12:38,485 [INFO] ServerAccessManage:452 - Complete download http(s) 200
2025-12-01 15:12:38,485 [INFO] ServerAccessManage:509 - Download File tutoVideoDB.zip
2025-12-01 15:12:39,014 [INFO] FileExtend:248 - Unzip File : tutoVideoDB.zip
2025-12-01 15:12:39,014 [INFO] FileExtend:263 - Standard Zip Deflate
2025-12-01 15:12:39,121 [INFO] LoadUrlFilesThread:156 - End of LoadUrlFiles Thread
2025-12-01 15:12:39,125 [WARN] DbFile:41 - Overriding database path with different value: /home/sunbeam/.stmcufinder/plugins/mcufinder/ => /home/sunbeam/.stmcufinder/plugins/mcufinder
2025-12-01 15:12:40,280 [INFO] ServerAccessManage:452 - Complete download http(s) 200
2025-12-01 15:12:40,281 [INFO] ServerAccessManage:509 - Download File api_config.json
2025-12-01 15:12:40,386 [INFO] LoadUrlFilesThread:156 - End of LoadUrlFiles Thread
2025-12-01 15:12:40,387 [INFO] DbMcusAds:53 - JSON generation date=Tue Nov 25 19:38:32 IST 2025 (1764079712287)
2025-12-01 15:12:40,449 [INFO] LoadUrlFilesThread:185 - End of LoadServerUrlFiles without Thread
2025-12-01 15:12:40,450 [INFO] TargetSelectorAdapter:259 - Refresh data is successful
2025-12-01 15:12:40,643 [INFO] ApiDb:581 - Connected to CubeFinder SQLite database (/home/sunbeam/.stmcufinder/plugins/mcufinder/mcu/cube-finder-db.db)
2025-12-01 15:12:40,694 [INFO] ApiDb:668 - CubeFinder database Data Model version=2.1
2025-12-01 15:12:40,694 [INFO] ApiDb:669 - CubeFinder database Configuration version=3.0.39
2025-12-01 15:12:40,694 [INFO] ApiDb:670 - CubeFinder database generation date=2025-11-05 (1762334721)
2025-12-01 15:12:40,695 [INFO] ApiDb:671 - CubeFinder database FW Pack versions=[FP-ATR-ASTRA1_V2.0.0, FP-SNS-FLIGHT1_V5.1.0, FP-SNS-MOTENV1_V5.1.0, FP-SNS-MOTENVWB1_V1.4.0, FP-SNS-SMARTAG2_V1.2.0, FP-SNS-STBOX1_V2.1.0, STM32Cube_FW_C0_V1.4.0, STM32Cube_FW_F4_V1.28.3, STM32Cube_FW_F7_V1.17.4, STM32Cube_FW_G0_V1.6.2, STM32Cube_FW_G4_V1.6.1, STM32Cube_FW_H5_V1.5.1, STM32Cube_FW_H7RS_V1.3.0, STM32Cube_FW_H7_V1.12.1, STM32Cube_FW_L0_V1.12.2, STM32Cube_FW_L4_V1.18.1, STM32Cube_FW_L5_V1.6.0, STM32Cube_FW_N6_V1.3.0, STM32Cube_FW_U0_V1.3.0, STM32Cube_FW_U3_V1.2.1, STM32Cube_FW_U5_V1.8.0, STM32Cube_FW_WB0_V1.4.0, STM32Cube_FW_WBA_V1.8.0, STM32Cube_FW_WB_V1.24.0, STM32Cube_FW_WL3_V1.3.0, STM32Cube_FW_WL_V1.4.0, X-CUBE-ALGOBUILD_V1.4.0, X-CUBE-ALS_V1.0.2, X-CUBE-AZRTOS-F4_V1.1.0, X-CUBE-AZRTOS-F7_V1.1.0, X-CUBE-AZRTOS-G0_V1.1.0, X-CUBE-AZRTOS-G4_V2.0.0, X-CUBE-AZRTOS-H7RS_V1.1.0, X-CUBE-AZRTOS-H7_V3.4.0, X-CUBE-AZRTOS-L4_V2.0.0, X-CUBE-AZRTOS-L5_V2.0.0, X-CUBE-AZRTOS-WB_V2.0.0, X-CUBE-AZRTOS-WL_V2.0.0, X-CUBE-BLE1_V7.1.0, X-CUBE-BLE2_V3.3.0, X-CUBE-BLEMGR_V4.1.0, X-CUBE-EEPRMA1_V5.2.0, X-CUBE-FREERTOS_V1.3.1, X-CUBE-GNSS1_V6.0.0, X-CUBE-MEMS1_V11.3.0, X-CUBE-NFC4_V3.0.0, X-CUBE-NFC7_V2.0.0, X-CUBE-SFXS2LP1_V4.0.0, X-CUBE-ST67W61_V1.1.0, X-CUBE-SUBG2_V5.0.0, X-CUBE-TOF1_V3.4.3]
2025-12-01 15:12:43,087 [INFO] ApiDb:240 - Found 880 in-development CPN: [B-G473E-ZEST1S, B-WB1M-WPAN1, B-WBA5M-WPAN, B-WL5M-SUBG1, NUCLEO-C031C6, NUCLEO-C051C8, NUCLEO-C071RB, NUCLEO-C092RC, NUCLEO-H503RB, NUCLEO-H533RE, NUCLEO-H563ZI, NUCLEO-H7S3L8, NUCLEO-N657X0-Q, NUCLEO-U031R8, NUCLEO-U083RC, NUCLEO-U385RG-Q, NUCLEO-U545RE-Q, NUCLEO-U5A5ZJ-Q, NUCLEO-WB05KZ, NUCLEO-WB07CC, NUCLEO-WB09KE, NUCLEO-WBA52CG, NUCLEO-WBA55CG, NUCLEO-WL33CC1, NUCLEO-WL33CC2, STEVAL-PROTEUS1, STEVAL-SMARTAG2, STEVAL-STWINBX1, STM320518-EVAL, STM32C0116-DK, STM32C011D6Y3TR, STM32C011D6Y6TR, STM32C011F4P3, STM32C011F4P6, STM32C011F4U3, STM32C011F4U6TR, STM32C011F6P3, STM32C011F6P6, STM32C011F6U3, STM32C011F6U6TR, STM32C011J4M3, STM32C011J4M6, STM32C011J6M3, STM32C011J6M6, STM32C0316-DK, STM32C031C4T3, STM32C031C4T6, STM32C031C4U3, STM32C031C4U6, STM32C031C6T3, STM32C031C6T6, STM32C031C6U3, STM32C031C6U6, STM32C031F4P3, STM32C031F4P6, STM32C031F6P3, STM32C031F6P6, STM32C031G4U3, STM32C031G4U6, STM32C031G6U3, STM32C031G6U6, STM32C031K4T3, STM32C031K4T6, STM32C031K4U3, STM32C031K4U6, STM32C031K6T3, STM32C031K6T6, STM32C031K6U3, STM32C031K6U6, STM32C051C6T6, STM32C051C6U6, STM32C051C8T6, STM32C051C8U6, STM32C051D8Y6TR, STM32C051F6P6, STM32C051F8P6, STM32C051G6U6, STM32C051G8U6, STM32C051K6T6, STM32C051K6U6, STM32C051K8T6, STM32C071C8T6, STM32C071C8T6N, STM32C071C8U6, STM32C071C8U6N, STM32C071CBT6, STM32C071CBT6N, STM32C071CBU6, STM32C071CBU6N, STM32C071F8P6, STM32C071F8P6N, STM32C071FBP6, STM32C071FBP6N, STM32C071FBY6TR, STM32C071G8U6, STM32C071G8U6N, STM32C071GBU6, STM32C071GBU6N, STM32C071K8T6, STM32C071K8T6N, STM32C071K8U6, STM32C071K8U6N, STM32C071KBT6, STM32C071KBT6N, STM32C071KBU6, STM32C071KBU6N, STM32C071R8T6, STM32C071R8T6N, STM32C071RBI6N, STM32C071RBT6, STM32C071RBT6N, STM32C091CBT6, STM32C091CBU6, STM32C091CCT6, STM32C091CCU6, STM32C091ECY6TR, STM32C091FBP6, STM32C091FCP6, STM32C091GBU6, STM32C091GCU6, STM32C091KBT6, STM32C091KBU6, STM32C091KCT6, STM32C091KCU6, STM32C091RBT6, STM32C091RCI6, STM32C091RCT6, STM32C092CBT6, STM32C092CBU6, STM32C092CCT6, STM32C092CCU6, STM32C092ECY6TR, STM32C092FBP6, STM32C092FCP6, STM32C092GBU6, STM32C092GCU6, STM32C092KBT6, STM32C092KBU6, STM32C092KCT6, STM32C092KCU6, STM32C092RBT6, STM32C092RCI6, STM32C092RCT6, STM32G071K8TXN, STM32G071K8UXN, STM32G081GBU6N, STM32G081KBT6N, STM32G081KBUXN, STM32G0B1CCT6N, STM32G0B1KCT6, STM32G0B1NEY6TR, STM32G0B1RCT6N, STM32G0C1CCT6, STM32G0C1CCT6N, STM32G0C1CCU6N, STM32G0C1CET6N, STM32G0C1CEU6N, STM32G0C1KCT6, STM32G0C1NEY6TR, STM32G0C1RCI6N, STM32G0C1RCT6N, STM32G0C1REI6N, STM32G0C1RET6N, STM32G0C1VCI6, STM32G0C1VEI6, STM32G411C6T3, STM32G411C6T6, STM32G411C6U3, STM32G411C6U6, STM32G411C8T3, STM32G411C8T6, STM32G411C8U3, STM32G411C8U6, STM32G411CBT3, STM32G411CBT6, STM32G411CBU3, STM32G411CBU6, STM32G411K6T3, STM32G411K6T6, STM32G411K6U3, STM32G411K6U6, STM32G411K8T3, STM32G411K8T6, STM32G411K8U3, STM32G411K8U6, STM32G411KBT3, STM32G411KBT6, STM32G411KBU3, STM32G411KBU6, STM32G411M6T3, STM32G411M6T6, STM32G411M8T3, STM32G411M8T6, STM32G411MBT3, STM32G411MBT6, STM32G411R6T3, STM32G411R6T6, STM32G411R8T3, STM32G411R8T6, STM32G411RBT3, STM32G411RBT6, STM32G414CBT3, STM32G414CBT6, STM32G414CBU3, STM32G414CBU6, STM32G414CCT3, STM32G414CCT6, STM32G414CCU3, STM32G414CCU6, STM32G414MBT3, STM32G414MBT6, STM32G414MCT3, STM32G414MCT6, STM32G414RBT3, STM32G414RBT6, STM32G414RCT3, STM32G414RCT6, STM32G414VBT3, STM32G414VBT6, STM32G414VCT3, STM32G414VCT6, STM32G431CBT3Z, STM32G431RBT3Z, STM32G471CCT6, STM32G471CCU6, STM32G471CET3, STM32G471CET6, STM32G471CEU3, STM32G471CEU6, STM32G471MCT6, STM32G471MET3, STM32G471MET6, STM32G471MEY6TR, STM32G471QCT6, STM32G471QET3, STM32G471RCT6, STM32G471RET3, STM32G471RET6, STM32G471VCH6, STM32G471VCI6, STM32G471VCT6, STM32G471VEH3, STM32G471VEH6, STM32G471VEI3, STM32G471VEI6, STM32G471VET3, STM32G471VET6, STM32G473QET3Z, STM32G473RET3Z, STM32G474CCT6, STM32G491RET3Z, STM32H503CBT6, STM32H503CBU6, STM32H503EBY6TR, STM32H503KBU6, STM32H503RBT6, STM32H523CCT6, STM32H523CCU6, STM32H523CET6, STM32H523CEU6, STM32H523HEY6TR, STM32H523RCT6, STM32H523RET6, STM32H523VCI6, STM32H523VCT6, STM32H523VEI6, STM32H523VET6, STM32H523ZCJ6, STM32H523ZCT6, STM32H523ZEJ6, STM32H523ZET6, STM32H533CET6, STM32H533CEU6, STM32H533HEY6TR, STM32H533RET6, STM32H533VEI6, STM32H533VET6, STM32H533ZEJ6, STM32H533ZET6, STM32H562AGI6, STM32H562AII6, STM32H562IGK6, STM32H562IGT6, STM32H562IIK6, STM32H562IIT6, STM32H562RGT6, STM32H562RGV6, STM32H562RIT6, STM32H562RIV6, STM32H562VGT6, STM32H562VIT6, STM32H562ZGT6, STM32H562ZIT6, STM32H563AGI6, STM32H563AII3Q, STM32H563AII6, STM32H563IGK6, STM32H563IGT6, STM32H563IIK3Q, STM32H563IIK6, STM32H563IIT3Q, STM32H563IIT6, STM32H563MIY3QTR, STM32H563RGT6, STM32H563RGV6, STM32H563RIT6, STM32H563RIV6, STM32H563VGT6, STM32H563VIT3Q, STM32H563VIT6, STM32H563ZGT6, STM32H563ZIT3Q, STM32H563ZIT6, STM32H573AII3Q, STM32H573AII6, STM32H573I-DK, STM32H573IIK3Q, STM32H573IIK6, STM32H573IIT3Q, STM32H573IIT6, STM32H573MIY3QTR, STM32H573RIT6, STM32H573RIV6, STM32H573VIT3Q, STM32H573VIT6, STM32H573ZIT3Q, STM32H573ZIT6, STM32H7R3A8I6, STM32H7R3I8K6, STM32H7R3I8T6, STM32H7R3L8H6, STM32H7R3L8H6H, STM32H7R3R8V6, STM32H7R3V8H6, STM32H7R3V8T6, STM32H7R3V8Y6TR, STM32H7R3Z8J6, STM32H7R3Z8T6, STM32H7R7A8I6, STM32H7R7I8K6, STM32H7R7I8T6, STM32H7R7L8H6, STM32H7R7L8H6H, STM32H7R7Z8J6, STM32H7S3A8I6, STM32H7S3I8K6, STM32H7S3I8T6, STM32H7S3L8H6, STM32H7S3L8H6H, STM32H7S3R8V6, STM32H7S3V8H6, STM32H7S3V8T6, STM32H7S3V8Y6TR, STM32H7S3Z8J6, STM32H7S3Z8T6, STM32H7S78-DK, STM32H7S7A8I6, STM32H7S7I8K6, STM32H7S7I8T6, STM32H7S7L8H6, STM32H7S7L8H6H, STM32H7S7Z8J6, STM32L4R5QGI6STR, STM32MP131AAE3, STM32MP131AAF3, STM32MP131AAG3, STM32MP131CAE3, STM32MP131CAF3, STM32MP131CAG3, STM32MP131DAE7, STM32MP131DAF7, STM32MP131DAG7, STM32MP131FAE7, STM32MP131FAF7, STM32MP131FAG7, STM32MP133AAE3, STM32MP133AAF3, STM32MP133AAG3, STM32MP133CAE3, STM32MP133CAF3, STM32MP133CAG3, STM32MP133DAE7, STM32MP133DAF7, STM32MP133DAG7, STM32MP133FAE7, STM32MP133FAF7, STM32MP133FAG7, STM32MP135AAE3, STM32MP135AAF3, STM32MP135AAG3, STM32MP135CAE3, STM32MP135CAF3, STM32MP135CAG3, STM32MP135DAE7, STM32MP135DAF7, STM32MP135DAG7, STM32MP135F-DK, STM32MP135FAE7, STM32MP135FAF7, STM32MP135FAF7T, STM32MP135FAF7U, STM32MP135FAG7, STM32MP211AAL3, STM32MP211AAM3, STM32MP211AAN3, STM32MP211AAO3, STM32MP211CAL3, STM32MP211CAM3, STM32MP211CAN3, STM32MP211CAO3, STM32MP211DAL3, STM32MP211DAM3, STM32MP211DAN3, STM32MP211DAO3, STM32MP211FAL3, STM32MP211FAM3, STM32MP211FAN3, STM32MP211FAO3, STM32MP213AAL3, STM32MP213AAM3, STM32MP213AAN3, STM32MP213AAO3, STM32MP213CAL3, STM32MP213CAM3, STM32MP213CAN3, STM32MP213CAO3, STM32MP213DAL3, STM32MP213DAM3, STM32MP213DAN3, STM32MP213DAO3, STM32MP213FAL3, STM32MP213FAM3, STM32MP213FAN3, STM32MP213FAO3, STM32MP215AAL3, STM32MP215AAM3, STM32MP215AAN3, STM32MP215AAO3, STM32MP215CAL3, STM32MP215CAM3, STM32MP215CAN3, STM32MP215CAO3, STM32MP215DAL3, STM32MP215DAM3, STM32MP215DAN3, STM32MP215DAO3, STM32MP215F-DK, STM32MP215FAL3, STM32MP215FAM3, STM32MP215FAN3, STM32MP215FAO3, STM32MP231AAJ3, STM32MP231AAK3, STM32MP231AAL3, STM32MP231CAJ3, STM32MP231CAK3, STM32MP231CAL3, STM32MP231DAJ3, STM32MP231DAK3, STM32MP231DAL3, STM32MP231FAJ3, STM32MP231FAK3, STM32MP231FAL3, STM32MP233AAJ3, STM32MP233AAK3, STM32MP233AAL3, STM32MP233CAJ3, STM32MP233CAK3, STM32MP233CAL3, STM32MP233DAJ3, STM32MP233DAK3, STM32MP233DAL3, STM32MP233FAJ3, STM32MP233FAK3, STM32MP233FAL3, STM32MP235AAJ3, STM32MP235AAK3, STM32MP235AAL3, STM32MP235CAJ3, STM32MP235CAK3, STM32MP235CAL3, STM32MP235DAJ3, STM32MP235DAK3, STM32MP235DAL3, STM32MP235FAJ3, STM32MP235FAK3, STM32MP235FAL3, STM32MP251AAI3, STM32MP251AAK3, STM32MP251AAL3, STM32MP251CAI3, STM32MP251CAK3, STM32MP251CAL3, STM32MP251DAI3, STM32MP251DAK3, STM32MP251DAL3, STM32MP251FAI3, STM32MP251FAK3, STM32MP251FAL3, STM32MP253AAI3, STM32MP253AAK3, STM32MP253AAL3, STM32MP253CAI3, STM32MP253CAK3, STM32MP253CAL3, STM32MP253DAI3, STM32MP253DAK3, STM32MP253DAL3, STM32MP253FAI3, STM32MP253FAK3, STM32MP253FAL3, STM32MP255AAI3, STM32MP255AAK3, STM32MP255AAL3, STM32MP255CAI3, STM32MP255CAK3, STM32MP255CAL3, STM32MP255DAI3, STM32MP255DAK3, STM32MP255DAL3, STM32MP255FAI3, STM32MP255FAK3, STM32MP255FAL3, STM32MP257AAI3, STM32MP257AAK3, STM32MP257AAL3, STM32MP257CAI3, STM32MP257CAK3, STM32MP257CAL3, STM32MP257DAI3, STM32MP257DAK3, STM32MP257DAL3, STM32MP257F-DK, STM32MP257F-EV1, STM32MP257FAI3, STM32MP257FAK3, STM32MP257FAL3, STM32N645A0H3Q, STM32N645B0H3Q, STM32N645I0H3Q, STM32N645L0H3Q, STM32N645X0H3Q, STM32N645Z0H3Q, STM32N647A0H3Q, STM32N647B0H3Q, STM32N647I0H3Q, STM32N647L0H3Q, STM32N647X0H3Q, STM32N647Z0H3Q, STM32N655A0H3Q, STM32N655B0H3Q, STM32N655I0H3Q, STM32N655L0H3Q, STM32N655X0H3Q, STM32N655Z0H3Q, STM32N6570-DK, STM32N657A0H3Q, STM32N657B0H3Q, STM32N657I0H3Q, STM32N657L0H3Q, STM32N657X0H3Q, STM32N657Z0H3Q, STM32U031C6T6, STM32U031C6U6, STM32U031C8T6, STM32U031C8U6, STM32U031F4P6, STM32U031F6P6, STM32U031F8P6, STM32U031G6Y6TR, STM32U031G8Y6TR, STM32U031K4U6, STM32U031K6U6, STM32U031K8U6, STM32U031R6I6, STM32U031R6T6, STM32U031R8I6, STM32U031R8T6, STM32U073C8T6, STM32U073C8U6, STM32U073CBT6, STM32U073CBU6, STM32U073CCT6, STM32U073CCU6, STM32U073H8Y6TR, STM32U073HBY6TR, STM32U073HCY6TR, STM32U073K8U6, STM32U073KBU6, STM32U073KCU6, STM32U073M8I6, STM32U073M8T6, STM32U073MBI6, STM32U073MBT6, STM32U073MCI6, STM32U073MCT6, STM32U073R8I6, STM32U073R8T6, STM32U073RBI6, STM32U073RBT6, STM32U073RCI6, STM32U073RCT6, STM32U083C-DK, STM32U083CCT6, STM32U083CCU6, STM32U083HCY6TR, STM32U083KCU6, STM32U083MCI6, STM32U083MCT6, STM32U083RCI6, STM32U083RCT6, STM32U375CET6, STM32U375CET6Q, STM32U375CEU6, STM32U375CEU6Q, STM32U375CEY6QTR, STM32U375CGT6, STM32U375CGT6Q, STM32U375CGU6, STM32U375CGU6Q, STM32U375CGY6QTR, STM32U375KEU6, STM32U375KGU6, STM32U375REI6, STM32U375REI6Q, STM32U375RET6, STM32U375RET6Q, STM32U375REY6GTR, STM32U375REY6QTR, STM32U375RGI6, STM32U375RGI6Q, STM32U375RGT6, STM32U375RGT6Q, STM32U375RGY6GTR, STM32U375RGY6QTR, STM32U375VEI6, STM32U375VEI6Q, STM32U375VET6, STM32U375VET6Q, STM32U375VGI6, STM32U375VGI6Q, STM32U375VGT6, STM32U375VGT6Q, STM32U385CGT6, STM32U385CGT6Q, STM32U385CGU6, STM32U385CGU6Q, STM32U385CGY6QTR, STM32U385KGU6, STM32U385RGI6, STM32U385RGI6Q, STM32U385RGT6, STM32U385RGT6Q, STM32U385RGY6GTR, STM32U385RGY6QTR, STM32U385VGI6, STM32U385VGI6Q, STM32U385VGT6, STM32U385VGT6Q, STM32U535CBT6, STM32U535CBT6Q, STM32U535CBU6, STM32U535CBU6Q, STM32U535CCT6, STM32U535CCT6Q, STM32U535CCU6, STM32U535CCU6Q, STM32U535CET6, STM32U535CET6Q, STM32U535CEU6, STM32U535CEU6Q, STM32U535JEY6QTR, STM32U535NCY6QTR, STM32U535NEY6QTR, STM32U535RBI6, STM32U535RBI6Q, STM32U535RBT6, STM32U535RBT6Q, STM32U535RCI6, STM32U535RCI6Q, STM32U535RCT6, STM32U535RCT6Q, STM32U535REI6, STM32U535REI6Q, STM32U535RET6, STM32U535RET6Q, STM32U535VCI6, STM32U535VCI6Q, STM32U535VCT6, STM32U535VCT6Q, STM32U535VEI6, STM32U535VEI6Q, STM32U535VET6, STM32U535VET6Q, STM32U545CET6, STM32U545CET6Q, STM32U545CEU6, STM32U545CEU6Q, STM32U545JEY6QTR, STM32U545NEY6QTR, STM32U545REI6, STM32U545REI6Q, STM32U545RET6, STM32U545RET6Q, STM32U545VEI6, STM32U545VEI6Q, STM32U545VET6, STM32U545VET6Q, STM32U595AIH6, STM32U595AIH6Q, STM32U595AJH6, STM32U595AJH6Q, STM32U595QII6, STM32U595QII6Q, STM32U595QJI6, STM32U595QJI6Q, STM32U595RIT6, STM32U595RIT6Q, STM32U595RJT6, STM32U595RJT6Q, STM32U595VIT6, STM32U595VIT6Q, STM32U595VJT6, STM32U595VJT6Q, STM32U595ZIT6, STM32U595ZIT6Q, STM32U595ZIY6QTR, STM32U595ZJT6, STM32U595ZJT6Q, STM32U595ZJY6QTR, STM32U599BJY6QTR, STM32U599NIH6Q, STM32U599NJH6Q, STM32U599VIT6Q, STM32U599VJT6, STM32U599VJT6Q, STM32U599ZIT6Q, STM32U599ZIY6QTR, STM32U599ZJT6Q, STM32U599ZJY6QTR, STM32U5A5AJH6, STM32U5A5AJH6Q, STM32U5A5QII3Q , STM32U5A5QJI6, STM32U5A5QJI6Q, STM32U5A5RJT6, STM32U5A5RJT6Q, STM32U5A5VJT6, STM32U5A5VJT6Q, STM32U5A5ZJT6, STM32U5A5ZJT6Q, STM32U5A5ZJY6QTR, STM32U5A9BJY6QTR, STM32U5A9J-DK, STM32U5A9NJH6Q, STM32U5A9VJT6Q, STM32U5A9ZJT6Q, STM32U5A9ZJY6QTR, STM32U5F7VIT6, STM32U5F7VIT6Q, STM32U5F7VJT6, STM32U5F7VJT6Q, STM32U5F9BJY6QTR, STM32U5F9NJH6Q, STM32U5F9VIT6Q, STM32U5F9VJT6Q, STM32U5F9ZIJ6QTR, STM32U5F9ZIT6Q, STM32U5F9ZJJ6QTR, STM32U5F9ZJT6Q, STM32U5G7VJT6, STM32U5G7VJT6Q, STM32U5G9BJY6QTR, STM32U5G9J-DK1, STM32U5G9J-DK2, STM32U5G9NJH6Q, STM32U5G9VJT6Q, STM32U5G9ZJJ6QTR, STM32U5G9ZJT6Q, STM32WB05KZV6TR, STM32WB05KZV7TR, STM32WB05TZF6TR, STM32WB05TZF7TR, STM32WB06CCF6TR, STM32WB06CCF7TR, STM32WB06CCV6TR, STM32WB06CCV7TR, STM32WB06KCV6TR, STM32WB06KCV7TR, STM32WB07CCF6TR, STM32WB07CCF7TR, STM32WB07CCV6TR, STM32WB07CCV7TR, STM32WB07KCV6TR, STM32WB07KCV7TR, STM32WB09KEV6TR, STM32WB09KEV7TR, STM32WB09TEF6TR, STM32WB09TEF7TR, STM32WB1MMCH6, STM32WBA50KGU6, STM32WBA50KGU6TR, STM32WBA52CEU6, STM32WBA52CEU6TR, STM32WBA52CEU7, STM32WBA52CEU7TR, STM32WBA52CGU6, STM32WBA52CGU6TR, STM32WBA52CGU6U, STM32WBA52CGU7, STM32WBA52CGU7TR, STM32WBA52KEU6, STM32WBA52KEU6TR, STM32WBA52KGU6, STM32WBA52KGU6TR, STM32WBA54CEU6, STM32WBA54CEU6TR, STM32WBA54CEU7, STM32WBA54CEU7TR, STM32WBA54CGU6, STM32WBA54CGU6TR, STM32WBA54CGU7, STM32WBA54CGU7TR, STM32WBA54KEU6, STM32WBA54KEU6TR, STM32WBA54KEU7, STM32WBA54KEU7TR, STM32WBA54KGU6, STM32WBA54KGU6TR, STM32WBA54KGU7, STM32WBA54KGU7TR, STM32WBA55CEU6, STM32WBA55CEU6TR, STM32WBA55CEU7, STM32WBA55CEU7TR, STM32WBA55CGU6, STM32WBA55CGU6TR, STM32WBA55CGU6U, STM32WBA55CGU7, STM32WBA55CGU7TR, STM32WBA55G-DK1, STM32WBA55HEF6, STM32WBA55HEF7, STM32WBA55HGF6, STM32WBA55HGF7, STM32WBA55UEI6, STM32WBA55UEI6TR, STM32WBA55UEI7, STM32WBA55UEI7TR, STM32WBA55UGI6, STM32WBA55UGI6TR, STM32WBA55UGI7, STM32WBA55UGI7TR, STM32WBA5MMGH6TR, STM32WBA62MGF6, STM32WBA62MIF6, STM32WBA65MGF7, STM32WBA65MIF6, STM32WBA65MIF7, STM32WL30K8V6, STM32WL30KBV6, STM32WL31C8V6, STM32WL31CBV6, STM32WL31K8V6, STM32WL31KBV6, STM32WL33C8V6, STM32WL33C8V6X, STM32WL33CBV6, STM32WL33CBV6X, STM32WL33CCV6, STM32WL33CCV6A, STM32WL33CCV6X, STM32WL33K8V7, STM32WL33K8V7X, STM32WL33KBV7 , STM32WL33KBV7X, STM32WL33KCV7, STM32WL33KCV7X, STM32WL5MOCH6, STM32WL5MOCH6TR]
2025-12-01 15:12:43,094 [INFO] DbMcus:218 - Found 4876 MCUs, 4876 are supported
2025-12-01 15:12:43,095 [INFO] ApiDb:423 - Load user favorites file /home/sunbeam/.stm32cubeide/favorites.mcus.txt: 0 item(s)
2025-12-01 15:12:43,095 [INFO] ApiDb:427 - User favorites MCUs=[]
2025-12-01 15:12:43,096 [INFO] DbMcus:224 - Set 0 / 0 favorites MCUs
2025-12-01 15:12:43,581 [INFO] ApiDb:668 - CubeFinder database Data Model version=2.1
2025-12-01 15:12:43,581 [INFO] ApiDb:669 - CubeFinder database Configuration version=3.0.39
2025-12-01 15:12:43,581 [INFO] ApiDb:670 - CubeFinder database generation date=2025-11-05 (1762334721)
2025-12-01 15:12:43,581 [INFO] ApiDb:671 - CubeFinder database FW Pack versions=[FP-ATR-ASTRA1_V2.0.0, FP-SNS-FLIGHT1_V5.1.0, FP-SNS-MOTENV1_V5.1.0, FP-SNS-MOTENVWB1_V1.4.0, FP-SNS-SMARTAG2_V1.2.0, FP-SNS-STBOX1_V2.1.0, STM32Cube_FW_C0_V1.4.0, STM32Cube_FW_F4_V1.28.3, STM32Cube_FW_F7_V1.17.4, STM32Cube_FW_G0_V1.6.2, STM32Cube_FW_G4_V1.6.1, STM32Cube_FW_H5_V1.5.1, STM32Cube_FW_H7RS_V1.3.0, STM32Cube_FW_H7_V1.12.1, STM32Cube_FW_L0_V1.12.2, STM32Cube_FW_L4_V1.18.1, STM32Cube_FW_L5_V1.6.0, STM32Cube_FW_N6_V1.3.0, STM32Cube_FW_U0_V1.3.0, STM32Cube_FW_U3_V1.2.1, STM32Cube_FW_U5_V1.8.0, STM32Cube_FW_WB0_V1.4.0, STM32Cube_FW_WBA_V1.8.0, STM32Cube_FW_WB_V1.24.0, STM32Cube_FW_WL3_V1.3.0, STM32Cube_FW_WL_V1.4.0, X-CUBE-ALGOBUILD_V1.4.0, X-CUBE-ALS_V1.0.2, X-CUBE-AZRTOS-F4_V1.1.0, X-CUBE-AZRTOS-F7_V1.1.0, X-CUBE-AZRTOS-G0_V1.1.0, X-CUBE-AZRTOS-G4_V2.0.0, X-CUBE-AZRTOS-H7RS_V1.1.0, X-CUBE-AZRTOS-H7_V3.4.0, X-CUBE-AZRTOS-L4_V2.0.0, X-CUBE-AZRTOS-L5_V2.0.0, X-CUBE-AZRTOS-WB_V2.0.0, X-CUBE-AZRTOS-WL_V2.0.0, X-CUBE-BLE1_V7.1.0, X-CUBE-BLE2_V3.3.0, X-CUBE-BLEMGR_V4.1.0, X-CUBE-EEPRMA1_V5.2.0, X-CUBE-FREERTOS_V1.3.1, X-CUBE-GNSS1_V6.0.0, X-CUBE-MEMS1_V11.3.0, X-CUBE-NFC4_V3.0.0, X-CUBE-NFC7_V2.0.0, X-CUBE-SFXS2LP1_V4.0.0, X-CUBE-ST67W61_V1.1.0, X-CUBE-SUBG2_V5.0.0, X-CUBE-TOF1_V3.4.3]
2025-12-01 15:12:43,626 [INFO] DbBoardsSqlite:226 - include board P-NUCLEO-WB55-NUCLEO as a kit item of type 'Nucleo-64'
2025-12-01 15:12:43,626 [INFO] DbBoardsSqlite:226 - include board P-NUCLEO-WB55-USBDONGLE as a kit item of type 'Nucleo USB Dongle'
2025-12-01 15:12:43,627 [INFO] DbBoardsSqlite:226 - include board STEVAL-IDP005V1 as a kit item of type 'Evaluation Board'
2025-12-01 15:12:43,627 [INFO] DbBoardsSqlite:226 - include board STEVAL-IDP005V2 as a kit item of type 'Evaluation Board'
2025-12-01 15:12:43,664 [INFO] ApiDb:240 - Found 880 in-development CPN: [B-G473E-ZEST1S, B-WB1M-WPAN1, B-WBA5M-WPAN, B-WL5M-SUBG1, NUCLEO-C031C6, NUCLEO-C051C8, NUCLEO-C071RB, NUCLEO-C092RC, NUCLEO-H503RB, NUCLEO-H533RE, NUCLEO-H563ZI, NUCLEO-H7S3L8, NUCLEO-N657X0-Q, NUCLEO-U031R8, NUCLEO-U083RC, NUCLEO-U385RG-Q, NUCLEO-U545RE-Q, NUCLEO-U5A5ZJ-Q, NUCLEO-WB05KZ, NUCLEO-WB07CC, NUCLEO-WB09KE, NUCLEO-WBA52CG, NUCLEO-WBA55CG, NUCLEO-WL33CC1, NUCLEO-WL33CC2, STEVAL-PROTEUS1, STEVAL-SMARTAG2, STEVAL-STWINBX1, STM320518-EVAL, STM32C0116-DK, STM32C011D6Y3TR, STM32C011D6Y6TR, STM32C011F4P3, STM32C011F4P6, STM32C011F4U3, STM32C011F4U6TR, STM32C011F6P3, STM32C011F6P6, STM32C011F6U3, STM32C011F6U6TR, STM32C011J4M3, STM32C011J4M6, STM32C011J6M3, STM32C011J6M6, STM32C0316-DK, STM32C031C4T3, STM32C031C4T6, STM32C031C4U3, STM32C031C4U6, STM32C031C6T3, STM32C031C6T6, STM32C031C6U3, STM32C031C6U6, STM32C031F4P3, STM32C031F4P6, STM32C031F6P3, STM32C031F6P6, STM32C031G4U3, STM32C031G4U6, STM32C031G6U3, STM32C031G6U6, STM32C031K4T3, STM32C031K4T6, STM32C031K4U3, STM32C031K4U6, STM32C031K6T3, STM32C031K6T6, STM32C031K6U3, STM32C031K6U6, STM32C051C6T6, STM32C051C6U6, STM32C051C8T6, STM32C051C8U6, STM32C051D8Y6TR, STM32C051F6P6, STM32C051F8P6, STM32C051G6U6, STM32C051G8U6, STM32C051K6T6, STM32C051K6U6, STM32C051K8T6, STM32C071C8T6, STM32C071C8T6N, STM32C071C8U6, STM32C071C8U6N, STM32C071CBT6, STM32C071CBT6N, STM32C071CBU6, STM32C071CBU6N, STM32C071F8P6, STM32C071F8P6N, STM32C071FBP6, STM32C071FBP6N, STM32C071FBY6TR, STM32C071G8U6, STM32C071G8U6N, STM32C071GBU6, STM32C071GBU6N, STM32C071K8T6, STM32C071K8T6N, STM32C071K8U6, STM32C071K8U6N, STM32C071KBT6, STM32C071KBT6N, STM32C071KBU6, STM32C071KBU6N, STM32C071R8T6, STM32C071R8T6N, STM32C071RBI6N, STM32C071RBT6, STM32C071RBT6N, STM32C091CBT6, STM32C091CBU6, STM32C091CCT6, STM32C091CCU6, STM32C091ECY6TR, STM32C091FBP6, STM32C091FCP6, STM32C091GBU6, STM32C091GCU6, STM32C091KBT6, STM32C091KBU6, STM32C091KCT6, STM32C091KCU6, STM32C091RBT6, STM32C091RCI6, STM32C091RCT6, STM32C092CBT6, STM32C092CBU6, STM32C092CCT6, STM32C092CCU6, STM32C092ECY6TR, STM32C092FBP6, STM32C092FCP6, STM32C092GBU6, STM32C092GCU6, STM32C092KBT6, STM32C092KBU6, STM32C092KCT6, STM32C092KCU6, STM32C092RBT6, STM32C092RCI6, STM32C092RCT6, STM32G071K8TXN, STM32G071K8UXN, STM32G081GBU6N, STM32G081KBT6N, STM32G081KBUXN, STM32G0B1CCT6N, STM32G0B1KCT6, STM32G0B1NEY6TR, STM32G0B1RCT6N, STM32G0C1CCT6, STM32G0C1CCT6N, STM32G0C1CCU6N, STM32G0C1CET6N, STM32G0C1CEU6N, STM32G0C1KCT6, STM32G0C1NEY6TR, STM32G0C1RCI6N, STM32G0C1RCT6N, STM32G0C1REI6N, STM32G0C1RET6N, STM32G0C1VCI6, STM32G0C1VEI6, STM32G411C6T3, STM32G411C6T6, STM32G411C6U3, STM32G411C6U6, STM32G411C8T3, STM32G411C8T6, STM32G411C8U3, STM32G411C8U6, STM32G411CBT3, STM32G411CBT6, STM32G411CBU3, STM32G411CBU6, STM32G411K6T3, STM32G411K6T6, STM32G411K6U3, STM32G411K6U6, STM32G411K8T3, STM32G411K8T6, STM32G411K8U3, STM32G411K8U6, STM32G411KBT3, STM32G411KBT6, STM32G411KBU3, STM32G411KBU6, STM32G411M6T3, STM32G411M6T6, STM32G411M8T3, STM32G411M8T6, STM32G411MBT3, STM32G411MBT6, STM32G411R6T3, STM32G411R6T6, STM32G411R8T3, STM32G411R8T6, STM32G411RBT3, STM32G411RBT6, STM32G414CBT3, STM32G414CBT6, STM32G414CBU3, STM32G414CBU6, STM32G414CCT3, STM32G414CCT6, STM32G414CCU3, STM32G414CCU6, STM32G414MBT3, STM32G414MBT6, STM32G414MCT3, STM32G414MCT6, STM32G414RBT3, STM32G414RBT6, STM32G414RCT3, STM32G414RCT6, STM32G414VBT3, STM32G414VBT6, STM32G414VCT3, STM32G414VCT6, STM32G431CBT3Z, STM32G431RBT3Z, STM32G471CCT6, STM32G471CCU6, STM32G471CET3, STM32G471CET6, STM32G471CEU3, STM32G471CEU6, STM32G471MCT6, STM32G471MET3, STM32G471MET6, STM32G471MEY6TR, STM32G471QCT6, STM32G471QET3, STM32G471RCT6, STM32G471RET3, STM32G471RET6, STM32G471VCH6, STM32G471VCI6, STM32G471VCT6, STM32G471VEH3, STM32G471VEH6, STM32G471VEI3, STM32G471VEI6, STM32G471VET3, STM32G471VET6, STM32G473QET3Z, STM32G473RET3Z, STM32G474CCT6, STM32G491RET3Z, STM32H503CBT6, STM32H503CBU6, STM32H503EBY6TR, STM32H503KBU6, STM32H503RBT6, STM32H523CCT6, STM32H523CCU6, STM32H523CET6, STM32H523CEU6, STM32H523HEY6TR, STM32H523RCT6, STM32H523RET6, STM32H523VCI6, STM32H523VCT6, STM32H523VEI6, STM32H523VET6, STM32H523ZCJ6, STM32H523ZCT6, STM32H523ZEJ6, STM32H523ZET6, STM32H533CET6, STM32H533CEU6, STM32H533HEY6TR, STM32H533RET6, STM32H533VEI6, STM32H533VET6, STM32H533ZEJ6, STM32H533ZET6, STM32H562AGI6, STM32H562AII6, STM32H562IGK6, STM32H562IGT6, STM32H562IIK6, STM32H562IIT6, STM32H562RGT6, STM32H562RGV6, STM32H562RIT6, STM32H562RIV6, STM32H562VGT6, STM32H562VIT6, STM32H562ZGT6, STM32H562ZIT6, STM32H563AGI6, STM32H563AII3Q, STM32H563AII6, STM32H563IGK6, STM32H563IGT6, STM32H563IIK3Q, STM32H563IIK6, STM32H563IIT3Q, STM32H563IIT6, STM32H563MIY3QTR, STM32H563RGT6, STM32H563RGV6, STM32H563RIT6, STM32H563RIV6, STM32H563VGT6, STM32H563VIT3Q, STM32H563VIT6, STM32H563ZGT6, STM32H563ZIT3Q, STM32H563ZIT6, STM32H573AII3Q, STM32H573AII6, STM32H573I-DK, STM32H573IIK3Q, STM32H573IIK6, STM32H573IIT3Q, STM32H573IIT6, STM32H573MIY3QTR, STM32H573RIT6, STM32H573RIV6, STM32H573VIT3Q, STM32H573VIT6, STM32H573ZIT3Q, STM32H573ZIT6, STM32H7R3A8I6, STM32H7R3I8K6, STM32H7R3I8T6, STM32H7R3L8H6, STM32H7R3L8H6H, STM32H7R3R8V6, STM32H7R3V8H6, STM32H7R3V8T6, STM32H7R3V8Y6TR, STM32H7R3Z8J6, STM32H7R3Z8T6, STM32H7R7A8I6, STM32H7R7I8K6, STM32H7R7I8T6, STM32H7R7L8H6, STM32H7R7L8H6H, STM32H7R7Z8J6, STM32H7S3A8I6, STM32H7S3I8K6, STM32H7S3I8T6, STM32H7S3L8H6, STM32H7S3L8H6H, STM32H7S3R8V6, STM32H7S3V8H6, STM32H7S3V8T6, STM32H7S3V8Y6TR, STM32H7S3Z8J6, STM32H7S3Z8T6, STM32H7S78-DK, STM32H7S7A8I6, STM32H7S7I8K6, STM32H7S7I8T6, STM32H7S7L8H6, STM32H7S7L8H6H, STM32H7S7Z8J6, STM32L4R5QGI6STR, STM32MP131AAE3, STM32MP131AAF3, STM32MP131AAG3, STM32MP131CAE3, STM32MP131CAF3, STM32MP131CAG3, STM32MP131DAE7, STM32MP131DAF7, STM32MP131DAG7, STM32MP131FAE7, STM32MP131FAF7, STM32MP131FAG7, STM32MP133AAE3, STM32MP133AAF3, STM32MP133AAG3, STM32MP133CAE3, STM32MP133CAF3, STM32MP133CAG3, STM32MP133DAE7, STM32MP133DAF7, STM32MP133DAG7, STM32MP133FAE7, STM32MP133FAF7, STM32MP133FAG7, STM32MP135AAE3, STM32MP135AAF3, STM32MP135AAG3, STM32MP135CAE3, STM32MP135CAF3, STM32MP135CAG3, STM32MP135DAE7, STM32MP135DAF7, STM32MP135DAG7, STM32MP135F-DK, STM32MP135FAE7, STM32MP135FAF7, STM32MP135FAF7T, STM32MP135FAF7U, STM32MP135FAG7, STM32MP211AAL3, STM32MP211AAM3, STM32MP211AAN3, STM32MP211AAO3, STM32MP211CAL3, STM32MP211CAM3, STM32MP211CAN3, STM32MP211CAO3, STM32MP211DAL3, STM32MP211DAM3, STM32MP211DAN3, STM32MP211DAO3, STM32MP211FAL3, STM32MP211FAM3, STM32MP211FAN3, STM32MP211FAO3, STM32MP213AAL3, STM32MP213AAM3, STM32MP213AAN3, STM32MP213AAO3, STM32MP213CAL3, STM32MP213CAM3, STM32MP213CAN3, STM32MP213CAO3, STM32MP213DAL3, STM32MP213DAM3, STM32MP213DAN3, STM32MP213DAO3, STM32MP213FAL3, STM32MP213FAM3, STM32MP213FAN3, STM32MP213FAO3, STM32MP215AAL3, STM32MP215AAM3, STM32MP215AAN3, STM32MP215AAO3, STM32MP215CAL3, STM32MP215CAM3, STM32MP215CAN3, STM32MP215CAO3, STM32MP215DAL3, STM32MP215DAM3, STM32MP215DAN3, STM32MP215DAO3, STM32MP215F-DK, STM32MP215FAL3, STM32MP215FAM3, STM32MP215FAN3, STM32MP215FAO3, STM32MP231AAJ3, STM32MP231AAK3, STM32MP231AAL3, STM32MP231CAJ3, STM32MP231CAK3, STM32MP231CAL3, STM32MP231DAJ3, STM32MP231DAK3, STM32MP231DAL3, STM32MP231FAJ3, STM32MP231FAK3, STM32MP231FAL3, STM32MP233AAJ3, STM32MP233AAK3, STM32MP233AAL3, STM32MP233CAJ3, STM32MP233CAK3, STM32MP233CAL3, STM32MP233DAJ3, STM32MP233DAK3, STM32MP233DAL3, STM32MP233FAJ3, STM32MP233FAK3, STM32MP233FAL3, STM32MP235AAJ3, STM32MP235AAK3, STM32MP235AAL3, STM32MP235CAJ3, STM32MP235CAK3, STM32MP235CAL3, STM32MP235DAJ3, STM32MP235DAK3, STM32MP235DAL3, STM32MP235FAJ3, STM32MP235FAK3, STM32MP235FAL3, STM32MP251AAI3, STM32MP251AAK3, STM32MP251AAL3, STM32MP251CAI3, STM32MP251CAK3, STM32MP251CAL3, STM32MP251DAI3, STM32MP251DAK3, STM32MP251DAL3, STM32MP251FAI3, STM32MP251FAK3, STM32MP251FAL3, STM32MP253AAI3, STM32MP253AAK3, STM32MP253AAL3, STM32MP253CAI3, STM32MP253CAK3, STM32MP253CAL3, STM32MP253DAI3, STM32MP253DAK3, STM32MP253DAL3, STM32MP253FAI3, STM32MP253FAK3, STM32MP253FAL3, STM32MP255AAI3, STM32MP255AAK3, STM32MP255AAL3, STM32MP255CAI3, STM32MP255CAK3, STM32MP255CAL3, STM32MP255DAI3, STM32MP255DAK3, STM32MP255DAL3, STM32MP255FAI3, STM32MP255FAK3, STM32MP255FAL3, STM32MP257AAI3, STM32MP257AAK3, STM32MP257AAL3, STM32MP257CAI3, STM32MP257CAK3, STM32MP257CAL3, STM32MP257DAI3, STM32MP257DAK3, STM32MP257DAL3, STM32MP257F-DK, STM32MP257F-EV1, STM32MP257FAI3, STM32MP257FAK3, STM32MP257FAL3, STM32N645A0H3Q, STM32N645B0H3Q, STM32N645I0H3Q, STM32N645L0H3Q, STM32N645X0H3Q, STM32N645Z0H3Q, STM32N647A0H3Q, STM32N647B0H3Q, STM32N647I0H3Q, STM32N647L0H3Q, STM32N647X0H3Q, STM32N647Z0H3Q, STM32N655A0H3Q, STM32N655B0H3Q, STM32N655I0H3Q, STM32N655L0H3Q, STM32N655X0H3Q, STM32N655Z0H3Q, STM32N6570-DK, STM32N657A0H3Q, STM32N657B0H3Q, STM32N657I0H3Q, STM32N657L0H3Q, STM32N657X0H3Q, STM32N657Z0H3Q, STM32U031C6T6, STM32U031C6U6, STM32U031C8T6, STM32U031C8U6, STM32U031F4P6, STM32U031F6P6, STM32U031F8P6, STM32U031G6Y6TR, STM32U031G8Y6TR, STM32U031K4U6, STM32U031K6U6, STM32U031K8U6, STM32U031R6I6, STM32U031R6T6, STM32U031R8I6, STM32U031R8T6, STM32U073C8T6, STM32U073C8U6, STM32U073CBT6, STM32U073CBU6, STM32U073CCT6, STM32U073CCU6, STM32U073H8Y6TR, STM32U073HBY6TR, STM32U073HCY6TR, STM32U073K8U6, STM32U073KBU6, STM32U073KCU6, STM32U073M8I6, STM32U073M8T6, STM32U073MBI6, STM32U073MBT6, STM32U073MCI6, STM32U073MCT6, STM32U073R8I6, STM32U073R8T6, STM32U073RBI6, STM32U073RBT6, STM32U073RCI6, STM32U073RCT6, STM32U083C-DK, STM32U083CCT6, STM32U083CCU6, STM32U083HCY6TR, STM32U083KCU6, STM32U083MCI6, STM32U083MCT6, STM32U083RCI6, STM32U083RCT6, STM32U375CET6, STM32U375CET6Q, STM32U375CEU6, STM32U375CEU6Q, STM32U375CEY6QTR, STM32U375CGT6, STM32U375CGT6Q, STM32U375CGU6, STM32U375CGU6Q, STM32U375CGY6QTR, STM32U375KEU6, STM32U375KGU6, STM32U375REI6, STM32U375REI6Q, STM32U375RET6, STM32U375RET6Q, STM32U375REY6GTR, STM32U375REY6QTR, STM32U375RGI6, STM32U375RGI6Q, STM32U375RGT6, STM32U375RGT6Q, STM32U375RGY6GTR, STM32U375RGY6QTR, STM32U375VEI6, STM32U375VEI6Q, STM32U375VET6, STM32U375VET6Q, STM32U375VGI6, STM32U375VGI6Q, STM32U375VGT6, STM32U375VGT6Q, STM32U385CGT6, STM32U385CGT6Q, STM32U385CGU6, STM32U385CGU6Q, STM32U385CGY6QTR, STM32U385KGU6, STM32U385RGI6, STM32U385RGI6Q, STM32U385RGT6, STM32U385RGT6Q, STM32U385RGY6GTR, STM32U385RGY6QTR, STM32U385VGI6, STM32U385VGI6Q, STM32U385VGT6, STM32U385VGT6Q, STM32U535CBT6, STM32U535CBT6Q, STM32U535CBU6, STM32U535CBU6Q, STM32U535CCT6, STM32U535CCT6Q, STM32U535CCU6, STM32U535CCU6Q, STM32U535CET6, STM32U535CET6Q, STM32U535CEU6, STM32U535CEU6Q, STM32U535JEY6QTR, STM32U535NCY6QTR, STM32U535NEY6QTR, STM32U535RBI6, STM32U535RBI6Q, STM32U535RBT6, STM32U535RBT6Q, STM32U535RCI6, STM32U535RCI6Q, STM32U535RCT6, STM32U535RCT6Q, STM32U535REI6, STM32U535REI6Q, STM32U535RET6, STM32U535RET6Q, STM32U535VCI6, STM32U535VCI6Q, STM32U535VCT6, STM32U535VCT6Q, STM32U535VEI6, STM32U535VEI6Q, STM32U535VET6, STM32U535VET6Q, STM32U545CET6, STM32U545CET6Q, STM32U545CEU6, STM32U545CEU6Q, STM32U545JEY6QTR, STM32U545NEY6QTR, STM32U545REI6, STM32U545REI6Q, STM32U545RET6, STM32U545RET6Q, STM32U545VEI6, STM32U545VEI6Q, STM32U545VET6, STM32U545VET6Q, STM32U595AIH6, STM32U595AIH6Q, STM32U595AJH6, STM32U595AJH6Q, STM32U595QII6, STM32U595QII6Q, STM32U595QJI6, STM32U595QJI6Q, STM32U595RIT6, STM32U595RIT6Q, STM32U595RJT6, STM32U595RJT6Q, STM32U595VIT6, STM32U595VIT6Q, STM32U595VJT6, STM32U595VJT6Q, STM32U595ZIT6, STM32U595ZIT6Q, STM32U595ZIY6QTR, STM32U595ZJT6, STM32U595ZJT6Q, STM32U595ZJY6QTR, STM32U599BJY6QTR, STM32U599NIH6Q, STM32U599NJH6Q, STM32U599VIT6Q, STM32U599VJT6, STM32U599VJT6Q, STM32U599ZIT6Q, STM32U599ZIY6QTR, STM32U599ZJT6Q, STM32U599ZJY6QTR, STM32U5A5AJH6, STM32U5A5AJH6Q, STM32U5A5QII3Q , STM32U5A5QJI6, STM32U5A5QJI6Q, STM32U5A5RJT6, STM32U5A5RJT6Q, STM32U5A5VJT6, STM32U5A5VJT6Q, STM32U5A5ZJT6, STM32U5A5ZJT6Q, STM32U5A5ZJY6QTR, STM32U5A9BJY6QTR, STM32U5A9J-DK, STM32U5A9NJH6Q, STM32U5A9VJT6Q, STM32U5A9ZJT6Q, STM32U5A9ZJY6QTR, STM32U5F7VIT6, STM32U5F7VIT6Q, STM32U5F7VJT6, STM32U5F7VJT6Q, STM32U5F9BJY6QTR, STM32U5F9NJH6Q, STM32U5F9VIT6Q, STM32U5F9VJT6Q, STM32U5F9ZIJ6QTR, STM32U5F9ZIT6Q, STM32U5F9ZJJ6QTR, STM32U5F9ZJT6Q, STM32U5G7VJT6, STM32U5G7VJT6Q, STM32U5G9BJY6QTR, STM32U5G9J-DK1, STM32U5G9J-DK2, STM32U5G9NJH6Q, STM32U5G9VJT6Q, STM32U5G9ZJJ6QTR, STM32U5G9ZJT6Q, STM32WB05KZV6TR, STM32WB05KZV7TR, STM32WB05TZF6TR, STM32WB05TZF7TR, STM32WB06CCF6TR, STM32WB06CCF7TR, STM32WB06CCV6TR, STM32WB06CCV7TR, STM32WB06KCV6TR, STM32WB06KCV7TR, STM32WB07CCF6TR, STM32WB07CCF7TR, STM32WB07CCV6TR, STM32WB07CCV7TR, STM32WB07KCV6TR, STM32WB07KCV7TR, STM32WB09KEV6TR, STM32WB09KEV7TR, STM32WB09TEF6TR, STM32WB09TEF7TR, STM32WB1MMCH6, STM32WBA50KGU6, STM32WBA50KGU6TR, STM32WBA52CEU6, STM32WBA52CEU6TR, STM32WBA52CEU7, STM32WBA52CEU7TR, STM32WBA52CGU6, STM32WBA52CGU6TR, STM32WBA52CGU6U, STM32WBA52CGU7, STM32WBA52CGU7TR, STM32WBA52KEU6, STM32WBA52KEU6TR, STM32WBA52KGU6, STM32WBA52KGU6TR, STM32WBA54CEU6, STM32WBA54CEU6TR, STM32WBA54CEU7, STM32WBA54CEU7TR, STM32WBA54CGU6, STM32WBA54CGU6TR, STM32WBA54CGU7, STM32WBA54CGU7TR, STM32WBA54KEU6, STM32WBA54KEU6TR, STM32WBA54KEU7, STM32WBA54KEU7TR, STM32WBA54KGU6, STM32WBA54KGU6TR, STM32WBA54KGU7, STM32WBA54KGU7TR, STM32WBA55CEU6, STM32WBA55CEU6TR, STM32WBA55CEU7, STM32WBA55CEU7TR, STM32WBA55CGU6, STM32WBA55CGU6TR, STM32WBA55CGU6U, STM32WBA55CGU7, STM32WBA55CGU7TR, STM32WBA55G-DK1, STM32WBA55HEF6, STM32WBA55HEF7, STM32WBA55HGF6, STM32WBA55HGF7, STM32WBA55UEI6, STM32WBA55UEI6TR, STM32WBA55UEI7, STM32WBA55UEI7TR, STM32WBA55UGI6, STM32WBA55UGI6TR, STM32WBA55UGI7, STM32WBA55UGI7TR, STM32WBA5MMGH6TR, STM32WBA62MGF6, STM32WBA62MIF6, STM32WBA65MGF7, STM32WBA65MIF6, STM32WBA65MIF7, STM32WL30K8V6, STM32WL30KBV6, STM32WL31C8V6, STM32WL31CBV6, STM32WL31K8V6, STM32WL31KBV6, STM32WL33C8V6, STM32WL33C8V6X, STM32WL33CBV6, STM32WL33CBV6X, STM32WL33CCV6, STM32WL33CCV6A, STM32WL33CCV6X, STM32WL33K8V7, STM32WL33K8V7X, STM32WL33KBV7 , STM32WL33KBV7X, STM32WL33KCV7, STM32WL33KCV7X, STM32WL5MOCH6, STM32WL5MOCH6TR]
2025-12-01 15:12:43,819 [INFO] BoardInfo:889 - No configuration file found for board P-NUCLEO-WB55
2025-12-01 15:12:43,820 [INFO] DbBoards:161 - Kit is not supported: P-NUCLEO-WB55
2025-12-01 15:12:43,824 [INFO] BoardInfo:889 - No configuration file found for board STEVAL-BFA001V1B
2025-12-01 15:12:43,824 [INFO] DbBoards:161 - Kit is not supported: STEVAL-BFA001V1B
2025-12-01 15:12:43,825 [INFO] BoardInfo:889 - No configuration file found for board STEVAL-BFA001V2B
2025-12-01 15:12:43,825 [INFO] DbBoards:161 - Kit is not supported: STEVAL-BFA001V2B
2025-12-01 15:12:43,914 [INFO] DbBoards:168 - Found 212 boards, 209 are supported
2025-12-01 15:12:43,914 [INFO] DbBoards:169 - Found 212 boards, 43 of them is supported for  Bsp
2025-12-01 15:12:43,922 [INFO] ApiDb:423 - Load user favorites file /home/sunbeam/.stm32cubeide/favorites.boards.txt: 1 item(s)
2025-12-01 15:12:43,923 [INFO] ApiDb:427 - User favorites Boards=[STM32F407G-DISC1]
2025-12-01 15:12:43,924 [INFO] DbBoards:198 - Set 1 / 1 favorites Boards
2025-12-01 15:12:43,927 [INFO] ApiDb:668 - CubeFinder database Data Model version=2.1
2025-12-01 15:12:43,927 [INFO] ApiDb:669 - CubeFinder database Configuration version=3.0.39
2025-12-01 15:12:43,927 [INFO] ApiDb:670 - CubeFinder database generation date=2025-11-05 (1762334721)
2025-12-01 15:12:43,928 [INFO] ApiDb:671 - CubeFinder database FW Pack versions=[FP-ATR-ASTRA1_V2.0.0, FP-SNS-FLIGHT1_V5.1.0, FP-SNS-MOTENV1_V5.1.0, FP-SNS-MOTENVWB1_V1.4.0, FP-SNS-SMARTAG2_V1.2.0, FP-SNS-STBOX1_V2.1.0, STM32Cube_FW_C0_V1.4.0, STM32Cube_FW_F4_V1.28.3, STM32Cube_FW_F7_V1.17.4, STM32Cube_FW_G0_V1.6.2, STM32Cube_FW_G4_V1.6.1, STM32Cube_FW_H5_V1.5.1, STM32Cube_FW_H7RS_V1.3.0, STM32Cube_FW_H7_V1.12.1, STM32Cube_FW_L0_V1.12.2, STM32Cube_FW_L4_V1.18.1, STM32Cube_FW_L5_V1.6.0, STM32Cube_FW_N6_V1.3.0, STM32Cube_FW_U0_V1.3.0, STM32Cube_FW_U3_V1.2.1, STM32Cube_FW_U5_V1.8.0, STM32Cube_FW_WB0_V1.4.0, STM32Cube_FW_WBA_V1.8.0, STM32Cube_FW_WB_V1.24.0, STM32Cube_FW_WL3_V1.3.0, STM32Cube_FW_WL_V1.4.0, X-CUBE-ALGOBUILD_V1.4.0, X-CUBE-ALS_V1.0.2, X-CUBE-AZRTOS-F4_V1.1.0, X-CUBE-AZRTOS-F7_V1.1.0, X-CUBE-AZRTOS-G0_V1.1.0, X-CUBE-AZRTOS-G4_V2.0.0, X-CUBE-AZRTOS-H7RS_V1.1.0, X-CUBE-AZRTOS-H7_V3.4.0, X-CUBE-AZRTOS-L4_V2.0.0, X-CUBE-AZRTOS-L5_V2.0.0, X-CUBE-AZRTOS-WB_V2.0.0, X-CUBE-AZRTOS-WL_V2.0.0, X-CUBE-BLE1_V7.1.0, X-CUBE-BLE2_V3.3.0, X-CUBE-BLEMGR_V4.1.0, X-CUBE-EEPRMA1_V5.2.0, X-CUBE-FREERTOS_V1.3.1, X-CUBE-GNSS1_V6.0.0, X-CUBE-MEMS1_V11.3.0, X-CUBE-NFC4_V3.0.0, X-CUBE-NFC7_V2.0.0, X-CUBE-SFXS2LP1_V4.0.0, X-CUBE-ST67W61_V1.1.0, X-CUBE-SUBG2_V5.0.0, X-CUBE-TOF1_V3.4.3]
2025-12-01 15:12:44,545 [ERROR] DbExamplesSqlite:437 - Missing JSON key: board_cpn
2025-12-01 15:12:44,545 [ERROR] DbExamplesSqlite:437 - Missing JSON key: board_cpn
2025-12-01 15:12:44,546 [ERROR] DbExamplesSqlite:437 - Missing JSON key: board_cpn
2025-12-01 15:12:44,546 [ERROR] DbExamplesSqlite:437 - Missing JSON key: board_cpn
2025-12-01 15:12:44,805 [ERROR] DbExamplesSqlite:437 - Missing JSON key: board_cpn
2025-12-01 15:12:44,805 [ERROR] DbExamplesSqlite:437 - Missing JSON key: board_cpn
2025-12-01 15:12:44,814 [INFO] DbExamplesSqlite:395 - Ignored 42 examples not supported by CubeIDE
2025-12-01 15:12:44,814 [INFO] DbExamplesSqlite:396 - Found 10883 examples active
2025-12-01 15:12:44,815 [INFO] DbExamplesSqlite:397 - Found 0 examples obsolete
2025-12-01 15:12:44,815 [INFO] DbExamplesSqlite:398 - Found 0 examples under development
2025-12-01 15:12:44,815 [INFO] DbExamplesSqlite:399 - Found 85 examples not building
2025-12-01 15:12:44,817 [INFO] DbExamples:125 - Found 10926 examples
2025-12-01 15:12:44,869 [ERROR] DbExamples:208 - Found 73 examples with invalid data (board or MCU)
2025-12-01 15:12:44,869 [INFO] DbExamples:222 - Found 134 boards with related examples
2025-12-01 15:12:44,870 [INFO] DbExamples:235 - Found 111 MCUs with related examples
2025-12-01 15:12:44,893 [INFO] ApiDb:414 - User favorites file not found: /home/sunbeam/.stm32cubeide/favorites.examples.txt
2025-12-01 15:12:44,893 [INFO] DbExamples:250 - Set 0 / 0 favorites Examples
2025-12-01 15:12:45,013 [INFO] McuFinderGlobals:76 - Set McuFinderConnectedMode to true
2025-12-01 15:12:45,021 [INFO] MultiScanPanel:200 - Auto-refresh data requested => check proxy status ongoing
2025-12-01 15:12:45,024 [INFO] FinderPluginLoader:96 - Searching for filters in installed packs
2025-12-01 15:12:46,414 [INFO] LoadUrlFilesThread:185 - End of LoadServerUrlFiles without Thread
2025-12-01 15:12:46,467 [INFO] DetailPanel:341 - Set advertising image to /home/sunbeam/STM32Cube/Repository//en.mcu-finder-preevent.jpg
2025-12-01 15:12:51,851 [INFO] MultiScanPanel:200 - Auto-refresh data requested => check proxy status ongoing
2025-12-01 15:12:52,143 [INFO] LoadUrlFilesThread:185 - End of LoadServerUrlFiles without Thread
2025-12-01 15:12:52,143 [INFO] DetailPanel:341 - Set advertising image to /home/sunbeam/STM32Cube/Repository//en.mcu-finder-preevent.jpg
2025-12-01 15:12:52,154 [INFO] DbBoards:642 - Loading board mini-images...
2025-12-01 15:12:54,065 [ERROR] DbBoards:659 - Image file not found for board STM32MP215F-DK: /home/sunbeam/.stmcufinder/plugins/mcufinder//mcu//boards_images/STM32MP215F-DK.jpg
2025-12-01 15:12:54,175 [INFO] DbBoards:665 - Loaded 211 board mini-images
2025-12-01 15:16:44,723 [INFO] McuFinderGlobals:76 - Set McuFinderConnectedMode to true
2025-12-01 15:16:46,243 [INFO] ApiDb:448 - Save user favorites file /home/sunbeam/.stm32cubeide/favorites.mcus.txt: 0 item(s)
2025-12-01 15:16:46,243 [INFO] ApiDb:452 - User favorites MCUs=[]
2025-12-01 15:16:46,245 [INFO] ApiDb:448 - Save user favorites file /home/sunbeam/.stm32cubeide/favorites.boards.txt: 1 item(s)
2025-12-01 15:16:46,245 [INFO] ApiDb:452 - User favorites Boards=[STM32F407G-DISC1]
2025-12-01 15:16:46,404 [INFO] McuFinderGlobals:76 - Set McuFinderConnectedMode to true
2025-12-01 15:16:46,838 [INFO] ApiDb:448 - Save user favorites file /home/sunbeam/.stm32cubeide/favorites.mcus.txt: 0 item(s)
2025-12-01 15:16:46,838 [INFO] ApiDb:452 - User favorites MCUs=[]
2025-12-01 15:16:46,839 [INFO] ApiDb:448 - Save user favorites file /home/sunbeam/.stm32cubeide/favorites.boards.txt: 1 item(s)
2025-12-01 15:16:46,839 [INFO] ApiDb:452 - User favorites Boards=[STM32F407G-DISC1]
2025-12-01 15:16:50,646 [INFO] MainUpdater:2872 - connection check result : 10
2025-12-01 15:16:50,812 [INFO] McuFinderGlobals:76 - Set McuFinderConnectedMode to true
2025-12-01 15:16:50,813 [INFO] MultiScanPanel:200 - Auto-refresh data requested => check proxy status ongoing
2025-12-01 15:16:50,813 [INFO] FinderPluginLoader:96 - Searching for filters in installed packs
2025-12-01 15:16:51,936 [INFO] LoadUrlFilesThread:185 - End of LoadServerUrlFiles without Thread
2025-12-01 15:16:51,937 [INFO] DetailPanel:341 - Set advertising image to /home/sunbeam/STM32Cube/Repository//en.mcu-finder-preevent.jpg
2025-12-01 15:16:55,084 [INFO] MultiScanPanel:200 - Auto-refresh data requested => check proxy status ongoing
2025-12-01 15:16:55,159 [INFO] LoadUrlFilesThread:185 - End of LoadServerUrlFiles without Thread
2025-12-01 15:16:55,159 [INFO] DetailPanel:341 - Set advertising image to /home/sunbeam/STM32Cube/Repository//en.mcu-finder-preevent.jpg
2025-12-01 15:16:56,747 [INFO] ApiDb:581 - Connected to CubeFinder SQLite database (/home/sunbeam/.stmcufinder/plugins/mcufinder/mcu/cube-finder-db.db)
2025-12-01 15:17:38,930 [INFO] McuFinderGlobals:76 - Set McuFinderConnectedMode to true
2025-12-01 15:17:38,933 [INFO] ApiDb:448 - Save user favorites file /home/sunbeam/.stm32cubeide/favorites.mcus.txt: 0 item(s)
2025-12-01 15:17:38,933 [INFO] ApiDb:452 - User favorites MCUs=[]
2025-12-01 15:17:38,934 [INFO] ApiDb:448 - Save user favorites file /home/sunbeam/.stm32cubeide/favorites.boards.txt: 1 item(s)
2025-12-01 15:17:38,934 [INFO] ApiDb:452 - User favorites Boards=[STM32F407G-DISC1]
2025-12-01 15:18:46,191 [INFO] WebApp:194 - Connection lost
2025-12-01 15:18:51,029 [INFO] WebApp:191 - Connection restablished
2025-12-01 17:07:59,660 [INFO] Activator:176 - 


2025-12-01 17:07:59,662 [INFO] Activator:177 - !SESSION log4j initialized
2025-12-01 17:08:03,295 [INFO] LogOutputStream:77 - [STDOUT_REDIRECT] 
2025-12-01 17:08:03,991 [INFO] ApplicationProperties:184 - Using Application install path: /opt/st/stm32cubeide_1.19.0/plugins/com.st.stm32cube.common.mx_6.15.0.202507011659
2025-12-01 17:08:04,002 [INFO] DbMcusXml:78 - Set database path to: /opt/st/stm32cubeide_1.19.0/plugins/com.st.stm32cube.common.mx_6.15.0.202507011659//db//mcu/
2025-12-01 17:08:04,002 [INFO] ApiDb:274 - Set plugin database path to: /opt/st/stm32cubeide_1.19.0/plugins/com.st.stm32cube.common.mx_6.15.0.202507011659//db//plugins/boardmanager/
2025-12-01 17:08:04,003 [WARN] ApiDb:259 - Overriding images path with different value:  => /opt/st/stm32cubeide_1.19.0/plugins/com.st.stm32cube.common.mx_6.15.0.202507011659//db//plugins/mcufinder/images/
2025-12-01 17:08:04,005 [INFO] ApiDb:250 - Set database path to: /home/sunbeam/.stmcufinder/plugins/mcufinder//mcu/
2025-12-01 17:08:04,006 [INFO] DbMcusAds:125 - Set database path to: /home/sunbeam/.stmcufinder/plugins/mcufinder//mcu/
2025-12-01 17:08:04,008 [INFO] CrossReferenceDbSqlite:203 - Set database path to: /home/sunbeam/.stmcufinder/plugins/mcufinder//mcu/cs/
2025-12-01 17:08:04,107 [INFO] RulesReader:64 - Compatibility file has been processed (317 Rules)
2025-12-01 17:08:04,163 [INFO] DbMcusXml:78 - Set database path to: /opt/st/stm32cubeide_1.19.0/plugins/com.st.stm32cube.common.mx_6.15.0.202507011659//db//mcu/
2025-12-01 17:08:04,163 [INFO] ApiDb:274 - Set plugin database path to: /opt/st/stm32cubeide_1.19.0/plugins/com.st.stm32cube.common.mx_6.15.0.202507011659//db//plugins/boardmanager/
2025-12-01 17:08:04,163 [INFO] ApiDb:261 - Set plugin images path to: /opt/st/stm32cubeide_1.19.0/plugins/com.st.stm32cube.common.mx_6.15.0.202507011659//db//plugins/mcufinder/images/
2025-12-01 17:08:04,163 [WARN] DbFile:41 - Overriding database path with different value: /home/sunbeam/.stmcufinder/plugins/mcufinder/ => /home/sunbeam/.stmcufinder/plugins/mcufinder
2025-12-01 17:08:04,163 [INFO] ApiDb:250 - Set database path to: /home/sunbeam/.stmcufinder/plugins/mcufinder//mcu/
2025-12-01 17:08:04,164 [WARN] DbFile:41 - Overriding database path with different value: /home/sunbeam/.stmcufinder/plugins/mcufinder/ => /home/sunbeam/.stmcufinder/plugins/mcufinder
2025-12-01 17:08:04,164 [INFO] DbMcusAds:125 - Set database path to: /home/sunbeam/.stmcufinder/plugins/mcufinder//mcu/
2025-12-01 17:08:04,164 [WARN] DbFile:41 - Overriding database path with different value: /home/sunbeam/.stmcufinder/plugins/mcufinder/ => /home/sunbeam/.stmcufinder/plugins/mcufinder
2025-12-01 17:08:04,164 [WARN] DbFile:41 - Overriding database path with different value: /home/sunbeam/.stmcufinder/plugins/mcufinder/ => /home/sunbeam/.stmcufinder/plugins/mcufinder
2025-12-01 17:08:04,164 [INFO] CrossReferenceDbSqlite:203 - Set database path to: /home/sunbeam/.stmcufinder/plugins/mcufinder//mcu/cs/
2025-12-01 17:08:04,215 [INFO] MainPanel:274 - HeapMemory: 268435456
2025-12-01 17:08:04,306 [INFO] DbMcusXml:78 - Set database path to: /opt/st/stm32cubeide_1.19.0/plugins/com.st.stm32cube.common.mx_6.15.0.202507011659//db//mcu/
2025-12-01 17:08:04,306 [INFO] ApiDb:274 - Set plugin database path to: /opt/st/stm32cubeide_1.19.0/plugins/com.st.stm32cube.common.mx_6.15.0.202507011659//db//plugins/boardmanager/
2025-12-01 17:08:04,306 [INFO] ApiDb:261 - Set plugin images path to: /opt/st/stm32cubeide_1.19.0/plugins/com.st.stm32cube.common.mx_6.15.0.202507011659//db//plugins/mcufinder/images/
2025-12-01 17:08:04,307 [WARN] DbFile:41 - Overriding database path with different value: /home/sunbeam/.stmcufinder/plugins/mcufinder/ => /home/sunbeam/.stmcufinder/plugins/mcufinder
2025-12-01 17:08:04,307 [INFO] ApiDb:250 - Set database path to: /home/sunbeam/.stmcufinder/plugins/mcufinder//mcu/
2025-12-01 17:08:04,307 [WARN] DbFile:41 - Overriding database path with different value: /home/sunbeam/.stmcufinder/plugins/mcufinder/ => /home/sunbeam/.stmcufinder/plugins/mcufinder
2025-12-01 17:08:04,307 [INFO] DbMcusAds:125 - Set database path to: /home/sunbeam/.stmcufinder/plugins/mcufinder//mcu/
2025-12-01 17:08:04,307 [WARN] DbFile:41 - Overriding database path with different value: /home/sunbeam/.stmcufinder/plugins/mcufinder/ => /home/sunbeam/.stmcufinder/plugins/mcufinder
2025-12-01 17:08:04,307 [WARN] DbFile:41 - Overriding database path with different value: /home/sunbeam/.stmcufinder/plugins/mcufinder/ => /home/sunbeam/.stmcufinder/plugins/mcufinder
2025-12-01 17:08:04,307 [INFO] CrossReferenceDbSqlite:203 - Set database path to: /home/sunbeam/.stmcufinder/plugins/mcufinder//mcu/cs/
2025-12-01 17:08:04,325 [INFO] ApplicationProperties:184 - Using Application install path: /opt/st/stm32cubeide_1.19.0/plugins/com.st.stm32cube.common.mx_6.15.0.202507011659
2025-12-01 17:08:04,327 [INFO] PluginManage:196 - Search for loadable plugins [exclusion list=, ]
2025-12-01 17:08:04,328 [INFO] PluginManage:310 - Check plugin analytics
2025-12-01 17:08:04,457 [INFO] AnalyticsPlugin:253 - Accepted Software Licenses: 
2025-12-01 17:08:04,458 [INFO] AnalyticsPlugin:255 - Accepted CMSIS Pack Licenses: 
2025-12-01 17:08:04,458 [INFO] AnalyticsPlugin:257 - Accepted Firmware Licenses: FW.F4.1.28.0
2025-12-01 17:08:04,460 [INFO] PluginManage:359 - Loaded plugin analytics (category:tool,tabindex:-1)
2025-12-01 17:08:04,460 [INFO] PluginManage:310 - Check plugin cadmodel
2025-12-01 17:08:04,462 [INFO] CADModel:105 - Init CAD model plugin
2025-12-01 17:08:04,462 [INFO] PluginManage:359 - Loaded plugin cadmodel (category:power,tabindex:5)
2025-12-01 17:08:04,463 [INFO] PluginManage:310 - Check plugin clock
2025-12-01 17:08:04,468 [INFO] PluginManage:359 - Loaded plugin clock (category:base,tabindex:2)
2025-12-01 17:08:04,468 [INFO] PluginManage:310 - Check plugin ddr
2025-12-01 17:08:04,470 [INFO] PluginManage:359 - Loaded plugin ddr (category:tool,tabindex:6)
2025-12-01 17:08:04,470 [INFO] PluginManage:310 - Check plugin filemanager
2025-12-01 17:08:04,577 [INFO] PluginManage:359 - Loaded plugin filemanager (category:base,tabindex:10)
2025-12-01 17:08:04,577 [INFO] PluginManage:310 - Check plugin ipmanager
2025-12-01 17:08:04,580 [INFO] PluginManage:359 - Loaded plugin ipmanager (category:base,tabindex:5)
2025-12-01 17:08:04,581 [INFO] PluginManage:310 - Check plugin lpbam
2025-12-01 17:08:04,587 [INFO] PluginManage:359 - Loaded plugin lpbam (category:base,tabindex:0)
2025-12-01 17:08:04,587 [INFO] PluginManage:310 - Check plugin memorymap
2025-12-01 17:08:04,596 [INFO] PluginManage:359 - Loaded plugin memorymap (category:base,tabindex:4)
2025-12-01 17:08:04,596 [INFO] PluginManage:310 - Check plugin pinoutandconfiguration
2025-12-01 17:08:04,601 [INFO] PluginManage:359 - Loaded plugin pinoutandconfiguration (category:base,tabindex:1)
2025-12-01 17:08:04,601 [INFO] PluginManage:310 - Check plugin pinoutconfig
2025-12-01 17:08:04,666 [WARN] SupportedApi:132 - Cannot load RTOS API schema: s4s-elt-must-match.1: The content of 'definitions' must match (annotation?, (simpleType | complexType)?, (unique | key | keyref)*)). A problem was found starting at: attribute.
2025-12-01 17:08:04,758 [INFO] PluginManage:359 - Loaded plugin pinoutconfig (category:base,tabindex:0)
2025-12-01 17:08:04,758 [INFO] PluginManage:310 - Check plugin power
2025-12-01 17:08:04,764 [INFO] PluginManage:359 - Loaded plugin power (category:power,tabindex:4)
2025-12-01 17:08:04,764 [INFO] PluginManage:310 - Check plugin projectmanager
2025-12-01 17:08:04,776 [INFO] PluginManage:359 - Loaded plugin projectmanager (category:projectmanager,tabindex:4)
2025-12-01 17:08:04,776 [INFO] PluginManage:310 - Check plugin rif
2025-12-01 17:08:04,782 [INFO] PluginManage:359 - Loaded plugin rif (category:base,tabindex:3)
2025-12-01 17:08:04,783 [INFO] PluginManage:310 - Check plugin thirdparty
2025-12-01 17:08:04,893 [WARN] IntegrityCheckThread:84 - waiting for thirdparty lock release [integrity check]
2025-12-01 17:08:04,893 [INFO] PluginManage:359 - Loaded plugin thirdparty (category:base,tabindex:-1)
2025-12-01 17:08:04,893 [INFO] IntegrityCheckThread:86 - entering critical section [integrity check]
2025-12-01 17:08:04,893 [INFO] PluginManage:310 - Check plugin tools
2025-12-01 17:08:04,894 [INFO] ThirdPartyUpdaterWithRetryManager:70 - Updater plugin not ready yet. [1/15]
2025-12-01 17:08:04,896 [INFO] PluginManage:359 - Loaded plugin tools (category:base,tabindex:7)
2025-12-01 17:08:04,896 [INFO] PluginManage:310 - Check plugin tutovideos
2025-12-01 17:08:05,031 [INFO] PluginManage:359 - Loaded plugin tutovideos (category:base,tabindex:-1)
2025-12-01 17:08:05,031 [INFO] PluginManage:310 - Check plugin updater
2025-12-01 17:08:05,046 [INFO] PluginManage:359 - Loaded plugin updater (category:base,tabindex:12)
2025-12-01 17:08:05,046 [INFO] PluginManage:310 - Check plugin userauth
2025-12-01 17:08:05,049 [INFO] UserAuth:118 - Init User Auth plugin
2025-12-01 17:08:05,050 [INFO] PluginManage:359 - Loaded plugin userauth (category:base,tabindex:14)
2025-12-01 17:08:05,050 [INFO] PluginManage:283 - PluginManage : Loaded plugins [18]
2025-12-01 17:08:05,172 [INFO] PinOutPanel:1589 - setPackage(No Configuration,No Configuration)
2025-12-01 17:08:05,224 [INFO] CADModel:165 - CPN selected for project level
2025-12-01 17:08:05,224 [INFO] CADModel:114 - Register for checkConnection events
2025-12-01 17:08:05,231 [INFO] IPUIPlugin:80 - create IPUIPlugin
2025-12-01 17:08:05,232 [INFO] PluginManager:220 - loadIPPluginJar : add dfsdm
2025-12-01 17:08:05,235 [INFO] IPUIPlugin:80 - create IPUIPlugin
2025-12-01 17:08:05,235 [INFO] PluginManager:220 - loadIPPluginJar : add gfxmmu
2025-12-01 17:08:05,237 [INFO] IPUIPlugin:80 - create IPUIPlugin
2025-12-01 17:08:05,237 [INFO] PluginManager:220 - loadIPPluginJar : add i3c
2025-12-01 17:08:05,239 [INFO] IPUIPlugin:80 - create IPUIPlugin
2025-12-01 17:08:05,239 [INFO] PluginManager:220 - loadIPPluginJar : add sai
2025-12-01 17:08:05,244 [INFO] IPUIPlugin:80 - create IPUIPlugin
2025-12-01 17:08:05,244 [INFO] PluginManager:220 - loadIPPluginJar : add dma
2025-12-01 17:08:05,245 [INFO] IPUIPlugin:80 - create IPUIPlugin
2025-12-01 17:08:05,245 [INFO] PluginManager:220 - loadIPPluginJar : add quadspi
2025-12-01 17:08:05,248 [INFO] IPUIPlugin:80 - create IPUIPlugin
2025-12-01 17:08:05,248 [INFO] PluginManager:220 - loadIPPluginJar : add opamp
2025-12-01 17:08:05,249 [INFO] IPUIPlugin:80 - create IPUIPlugin
2025-12-01 17:08:05,249 [INFO] PluginManager:220 - loadIPPluginJar : add comp
2025-12-01 17:08:05,253 [INFO] IPUIPlugin:80 - create IPUIPlugin
2025-12-01 17:08:05,256 [INFO] PluginManager:220 - loadIPPluginJar : add plateformsettings
2025-12-01 17:08:05,257 [INFO] IPUIPlugin:80 - create IPUIPlugin
2025-12-01 17:08:05,257 [INFO] PluginManager:220 - loadIPPluginJar : add ltdc
2025-12-01 17:08:05,259 [INFO] IPUIPlugin:80 - create IPUIPlugin
2025-12-01 17:08:05,259 [INFO] PluginManager:220 - loadIPPluginJar : add nvic
2025-12-01 17:08:05,260 [INFO] IPUIPlugin:80 - create IPUIPlugin
2025-12-01 17:08:05,260 [INFO] PluginManager:220 - loadIPPluginJar : add fatfs
2025-12-01 17:08:05,263 [INFO] IPUIPlugin:80 - create IPUIPlugin
2025-12-01 17:08:05,263 [INFO] PluginManager:220 - loadIPPluginJar : add gpio
2025-12-01 17:08:05,265 [INFO] IPUIPlugin:80 - create IPUIPlugin
2025-12-01 17:08:05,265 [INFO] PluginManager:220 - loadIPPluginJar : add aes
2025-12-01 17:08:05,269 [INFO] IPUIPlugin:80 - create IPUIPlugin
2025-12-01 17:08:05,270 [INFO] PluginManager:220 - loadIPPluginJar : add mdma
2025-12-01 17:08:05,272 [INFO] IPUIPlugin:80 - create IPUIPlugin
2025-12-01 17:08:05,272 [INFO] PluginManager:220 - loadIPPluginJar : add pdm2pcm
2025-12-01 17:08:05,278 [INFO] IPUIPlugin:80 - create IPUIPlugin
2025-12-01 17:08:05,278 [INFO] PluginManager:220 - loadIPPluginJar : add linkedlist
2025-12-01 17:08:05,280 [INFO] IPUIPlugin:80 - create IPUIPlugin
2025-12-01 17:08:05,280 [INFO] PluginManager:220 - loadIPPluginJar : add usart
2025-12-01 17:08:05,282 [INFO] IPUIPlugin:80 - create IPUIPlugin
2025-12-01 17:08:05,282 [INFO] PluginManager:220 - loadIPPluginJar : add i2c
2025-12-01 17:08:05,284 [INFO] IPUIPlugin:80 - create IPUIPlugin
2025-12-01 17:08:05,284 [INFO] PluginManager:220 - loadIPPluginJar : add lorawan
2025-12-01 17:08:05,287 [INFO] IPUIPlugin:80 - create IPUIPlugin
2025-12-01 17:08:05,287 [INFO] PluginManager:220 - loadIPPluginJar : add usbx
2025-12-01 17:08:05,290 [INFO] IPUIPlugin:80 - create IPUIPlugin
2025-12-01 17:08:05,290 [INFO] PluginManager:220 - loadIPPluginJar : add fmc
2025-12-01 17:08:05,292 [INFO] IPUIPlugin:80 - create IPUIPlugin
2025-12-01 17:08:05,292 [INFO] PluginManager:220 - loadIPPluginJar : add extmemmanager
2025-12-01 17:08:05,297 [INFO] IPUIPlugin:80 - create IPUIPlugin
2025-12-01 17:08:05,297 [INFO] PluginManager:220 - loadIPPluginJar : add freertos
2025-12-01 17:08:05,299 [INFO] IPUIPlugin:80 - create IPUIPlugin
2025-12-01 17:08:05,299 [INFO] PluginManager:220 - loadIPPluginJar : add can
2025-12-01 17:08:05,301 [INFO] IPUIPlugin:80 - create IPUIPlugin
2025-12-01 17:08:05,302 [INFO] PluginManager:220 - loadIPPluginJar : add touchsensing
2025-12-01 17:08:05,303 [INFO] IPUIPlugin:80 - create IPUIPlugin
2025-12-01 17:08:05,303 [INFO] PluginManager:220 - loadIPPluginJar : add tracer_emb
2025-12-01 17:08:05,304 [INFO] IPUIPlugin:80 - create IPUIPlugin
2025-12-01 17:08:05,304 [INFO] PluginManager:220 - loadIPPluginJar : add ucpd
2025-12-01 17:08:05,305 [INFO] IPUIPlugin:80 - create IPUIPlugin
2025-12-01 17:08:05,306 [INFO] PluginManager:220 - loadIPPluginJar : add ts
2025-12-01 17:08:05,306 [INFO] IPUIPlugin:80 - create IPUIPlugin
2025-12-01 17:08:05,307 [INFO] PluginManager:220 - loadIPPluginJar : add tsc
2025-12-01 17:08:05,309 [INFO] IPUIPlugin:80 - create IPUIPlugin
2025-12-01 17:08:05,309 [INFO] PluginManager:220 - loadIPPluginJar : add resmgrutility
2025-12-01 17:08:05,310 [INFO] IPUIPlugin:80 - create IPUIPlugin
2025-12-01 17:08:05,311 [INFO] PluginManager:220 - loadIPPluginJar : add cryp
2025-12-01 17:08:05,312 [INFO] IPUIPlugin:80 - create IPUIPlugin
2025-12-01 17:08:05,312 [INFO] PluginManager:220 - loadIPPluginJar : add openamp
2025-12-01 17:08:05,317 [INFO] IPUIPlugin:80 - create IPUIPlugin
2025-12-01 17:08:05,317 [INFO] PluginManager:220 - loadIPPluginJar : add adc
2025-12-01 17:08:05,319 [INFO] IPUIPlugin:80 - create IPUIPlugin
2025-12-01 17:08:05,319 [INFO] PluginManager:220 - loadIPPluginJar : add spi
2025-12-01 17:08:05,322 [INFO] IPUIPlugin:80 - create IPUIPlugin
2025-12-01 17:08:05,322 [INFO] PluginManager:220 - loadIPPluginJar : add ipddr
2025-12-01 17:08:05,327 [INFO] IPUIPlugin:80 - create IPUIPlugin
2025-12-01 17:08:05,327 [INFO] PluginManager:220 - loadIPPluginJar : add stm32_wpan
2025-12-01 17:08:05,331 [INFO] IPUIPlugin:80 - create IPUIPlugin
2025-12-01 17:08:05,331 [INFO] PluginManager:220 - loadIPPluginJar : add gic
2025-12-01 17:08:05,333 [INFO] IPUIPlugin:80 - create IPUIPlugin
2025-12-01 17:08:05,333 [INFO] PluginManager:220 - loadIPPluginJar : add ddr_ctrl_phy
2025-12-01 17:08:05,335 [INFO] IPUIPlugin:80 - create IPUIPlugin
2025-12-01 17:08:05,335 [INFO] PluginManager:220 - loadIPPluginJar : add genericplugin
2025-12-01 17:08:05,336 [INFO] IPUIPlugin:80 - create IPUIPlugin
2025-12-01 17:08:05,337 [INFO] PluginManager:220 - loadIPPluginJar : add hash
2025-12-01 17:08:05,338 [INFO] IPUIPlugin:80 - create IPUIPlugin
2025-12-01 17:08:05,338 [INFO] PluginManager:220 - loadIPPluginJar : add tim
2025-12-01 17:08:05,339 [INFO] IPUIPlugin:80 - create IPUIPlugin
2025-12-01 17:08:05,340 [INFO] PluginManager:220 - loadIPPluginJar : add radio
2025-12-01 17:08:05,342 [INFO] IPUIPlugin:80 - create IPUIPlugin
2025-12-01 17:08:05,342 [INFO] PluginManager:220 - loadIPPluginJar : add gtzc
2025-12-01 17:08:05,343 [INFO] IPUIPlugin:80 - create IPUIPlugin
2025-12-01 17:08:05,343 [INFO] PluginManager:220 - loadIPPluginJar : add i2s
2025-12-01 17:08:05,345 [INFO] IPUIPlugin:80 - create IPUIPlugin
2025-12-01 17:08:05,345 [INFO] PluginManager:220 - loadIPPluginJar : add dma3
2025-12-01 17:08:05,442 [FATAL] Updater:351 - Updater called before beeing initialized
2025-12-01 17:08:05,461 [INFO] RulesReader:64 - Compatibility file has been processed (317 Rules)
2025-12-01 17:08:05,485 [INFO] RulesReader:64 - Compatibility file has been processed (317 Rules)
2025-12-01 17:08:05,493 [INFO] CADModel:165 - CPN selected for project level
2025-12-01 17:08:05,493 [INFO] CADModel:114 - Register for checkConnection events
2025-12-01 17:08:05,493 [FATAL] Updater:351 - Updater called before beeing initialized
2025-12-01 17:08:05,493 [ERROR] CADModel:125 - Updater not yet initialized, retry later 
2025-12-01 17:08:05,592 [FATAL] Updater:351 - Updater called before beeing initialized
2025-12-01 17:08:05,594 [INFO] CADModel:165 - CPN selected for project level
2025-12-01 17:08:05,594 [INFO] CADModel:114 - Register for checkConnection events
2025-12-01 17:08:05,594 [FATAL] Updater:351 - Updater called before beeing initialized
2025-12-01 17:08:05,594 [ERROR] CADModel:125 - Updater not yet initialized, retry later 
2025-12-01 17:08:05,597 [FATAL] Updater:351 - Updater called before beeing initialized
2025-12-01 17:08:05,669 [FATAL] Updater:351 - Updater called before beeing initialized
2025-12-01 17:08:05,672 [INFO] DbMcusAds:53 - JSON generation date=Tue Nov 25 19:38:32 IST 2025 (1764079712287)
2025-12-01 17:08:05,672 [FATAL] Updater:351 - Updater called before beeing initialized
2025-12-01 17:08:05,697 [WARN] DetailPanel:346 - Failed to get advertising image, set to default
2025-12-01 17:08:05,753 [FATAL] Updater:351 - Updater called before beeing initialized
2025-12-01 17:08:05,755 [FATAL] Updater:351 - Updater called before beeing initialized
2025-12-01 17:08:05,755 [FATAL] Updater:351 - Updater called before beeing initialized
2025-12-01 17:08:05,755 [WARN] DetailPanel:346 - Failed to get advertising image, set to default
2025-12-01 17:08:05,755 [FATAL] Updater:351 - Updater called before beeing initialized
2025-12-01 17:08:05,780 [ERROR] Updater:1198 - MainUpdater not yet initialized. External WinMGr cannot be set.
2025-12-01 17:08:05,781 [INFO] Updater:1134 - Updater Version found : 6.15.0
2025-12-01 17:08:05,796 [INFO] ApplicationProperties:184 - Using Application install path: /opt/st/stm32cubeide_1.19.0/plugins/com.st.stm32cube.common.mx_6.15.0.202507011659
2025-12-01 17:08:06,269 [INFO] MainUpdater:2872 - connection check result : 10
2025-12-01 17:08:06,270 [INFO] MainUpdater:289 - Updater Check For Update Now.
2025-12-01 17:08:06,270 [INFO] MicroXplorer:498 - Change Database Version : DB.6.0.150
2025-12-01 17:08:06,276 [INFO] McuFinderGlobals:63 - Set McuFinder mode to 2 (CubeIDE integrated)
2025-12-01 17:08:06,276 [INFO] UserAuth:487 - Internet connection configuration mode: 1
2025-12-01 17:08:06,292 [INFO] JxBrowserEngine:152 - Initiate JxBrowser Engine with user profile folder
2025-12-01 17:08:06,455 [INFO] CheckServerUpdateThread:120 - End of CheckServer Thread
2025-12-01 17:08:06,845 [INFO] WebApp:169 - Instantiating new browser for Auth
2025-12-01 17:08:07,320 [INFO] WebApp:463 - Apply proxy settings
2025-12-01 17:08:07,321 [INFO] WebApp:548 - Chromium requires no authentication
2025-12-01 17:08:07,327 [INFO] WebApp:491 - Direct internet connection detected
2025-12-01 17:08:07,341 [INFO] WebApp:900 - Register for checkConnection events
2025-12-01 17:08:07,341 [INFO] WebApp:463 - Apply proxy settings
2025-12-01 17:08:07,341 [INFO] WebApp:548 - Chromium requires no authentication
2025-12-01 17:08:07,342 [INFO] WebApp:491 - Direct internet connection detected
2025-12-01 17:08:07,438 [INFO] WebApp:225 - Starting web application
2025-12-01 17:08:07,438 [INFO] WebApp:593 - Web application path used /opt/st/stm32cubeide_1.19.0/plugins/com.st.stm32cube.common.mx_6.15.0.202507011659/db/plugins/mcufinder/reactClient1/index.html
2025-12-01 17:08:07,508 [INFO] UserAuth:487 - Internet connection configuration mode: 1
2025-12-01 17:08:07,990 [WARN] PackLoader:240 - Cannot read IP mode file for STMicroelectronics.FP-SNS-MOTENVWB1.1.4.0
2025-12-01 17:08:07,996 [WARN] PackLoader:240 - Cannot read IP mode file for STMicroelectronics.FP-ATR-ASTRA1.2.0.2
2025-12-01 17:08:08,003 [WARN] PackLoader:240 - Cannot read IP mode file for STMicroelectronics.X-CUBE-SMBUS.2.1.0
2025-12-01 17:08:08,006 [WARN] PackLoader:240 - Cannot read IP mode file for STMicroelectronics.X-CUBE-ST60.1.0.0
2025-12-01 17:08:08,057 [WARN] PackLoader:240 - Cannot read IP mode file for STMicroelectronics.X-CUBE-AZRTOS-F7.1.1.0
2025-12-01 17:08:08,069 [WARN] PackLoader:240 - Cannot read IP mode file for STMicroelectronics.FP-SNS-MOTENV1.5.1.0
2025-12-01 17:08:08,100 [WARN] PackLoader:240 - Cannot read IP mode file for Infineon.AIROC-Wi-Fi-Bluetooth-STM32.1.7.1
2025-12-01 17:08:08,133 [INFO] WebApp:191 - Connection restablished
2025-12-01 17:08:08,134 [WARN] PackLoader:240 - Cannot read IP mode file for STMicroelectronics.X-CUBE-AZRTOS-H7.3.4.0
2025-12-01 17:08:08,146 [WARN] PackLoader:240 - Cannot read IP mode file for STMicroelectronics.X-CUBE-DISPLAY.3.0.0
2025-12-01 17:08:08,159 [WARN] PackLoader:240 - Cannot read IP mode file for STMicroelectronics.X-CUBE-NFC10.1.0.0
2025-12-01 17:08:08,171 [WARN] PackLoader:240 - Cannot read IP mode file for STMicroelectronics.X-CUBE-BLEMGR.4.0.0
2025-12-01 17:08:08,179 [WARN] PackLoader:240 - Cannot read IP mode file for STMicroelectronics.X-CUBE-ST60.1.1.0
2025-12-01 17:08:08,184 [WARN] PackLoader:240 - Cannot read IP mode file for emotas.I-CUBE-CANOPEN.1.3.0
2025-12-01 17:08:08,189 [WARN] PackLoader:240 - Cannot read IP mode file for STMicroelectronics.X-CUBE-GNSS1.7.1.0
2025-12-01 17:08:08,194 [WARN] ConditionMgr:438 - getConditionDescription Invalid condition id : Cortex-A Device cause : null
2025-12-01 17:08:08,206 [WARN] ConditionMgr:1044 - genDependencies : Invalid condition id : Cortex-A Device cause : null
2025-12-01 17:08:08,206 [WARN] ConditionMgr:1044 - genDependencies : Invalid condition id : Cortex-A Device cause : null
2025-12-01 17:08:08,206 [WARN] ConditionMgr:1044 - genDependencies : Invalid condition id : Cortex-A Device cause : null
2025-12-01 17:08:08,213 [WARN] PackLoader:240 - Cannot read IP mode file for STMicroelectronics.FP-SNS-STBOX1.2.1.0
2025-12-01 17:08:08,219 [WARN] PackLoader:240 - Cannot read IP mode file for STMicroelectronics.FP-SNS-SMARTAG2.1.2.0
2025-12-01 17:08:08,221 [WARN] PackLoader:240 - Cannot read IP mode file for STMicroelectronics.FP-SNS-FLIGHT1.5.1.0
2025-12-01 17:08:08,228 [INFO] LogOutputStream:77 - [STDOUT_REDIRECT] 1 : Invalid condition id : UX_CORESTACK_Condition cause : null
2025-12-01 17:08:08,228 [INFO] LogOutputStream:77 - [STDOUT_REDIRECT] 1 : Invalid condition id : UX_CORESTACK_Condition cause : null
2025-12-01 17:08:08,228 [INFO] LogOutputStream:77 - [STDOUT_REDIRECT] 1 : Invalid condition id : UX_CORESTACK_Condition cause : null
2025-12-01 17:08:08,229 [INFO] LogOutputStream:77 - [STDOUT_REDIRECT] 1 : Invalid condition id : UX_CORESTACK_Condition cause : null
2025-12-01 17:08:08,229 [INFO] LogOutputStream:77 - [STDOUT_REDIRECT] 1 : Invalid condition id : UX_CORESTACK_Condition cause : null
2025-12-01 17:08:08,231 [WARN] PackLoader:240 - Cannot read IP mode file for STMicroelectronics.X-CUBE-AZRTOS-WL.2.0.0
2025-12-01 17:08:08,235 [WARN] PackLoader:240 - Cannot read IP mode file for STMicroelectronics.FP-SNS-MOTENV1.5.0.0
2025-12-01 17:08:08,255 [WARN] PackLoader:240 - Cannot read IP mode file for STMicroelectronics.X-CUBE-AZRTOS-H7RS.1.2.0
2025-12-01 17:08:08,263 [WARN] PackLoader:240 - Cannot read IP mode file for WES.I-CUBE-Cesium.1.3.0
2025-12-01 17:08:08,269 [WARN] PackLoader:240 - Cannot read IP mode file for STMicroelectronics.X-CUBE-BLE2.3.3.0
2025-12-01 17:08:08,279 [WARN] PackLoader:240 - Cannot read IP mode file for STMicroelectronics.X-CUBE-NFC9.1.0.0
2025-12-01 17:08:08,284 [WARN] PackLoader:240 - Cannot read IP mode file for wolfSSL.I-CUBE-wolfSSL.5.8.0
2025-12-01 17:08:08,289 [WARN] PackLoader:240 - Cannot read IP mode file for STMicroelectronics.X-CUBE-BLE1.7.1.0
2025-12-01 17:08:08,291 [WARN] PackLoader:240 - Cannot read IP mode file for wolfSSL.I-CUBE-wolfMQTT.1.19.2
2025-12-01 17:08:08,295 [WARN] PackLoader:240 - Cannot read IP mode file for STMicroelectronics.X-CUBE-FREERTOS.1.4.0
2025-12-01 17:08:08,299 [WARN] PackLoader:240 - Cannot read IP mode file for STMicroelectronics.X-CUBE-EEPRMA1.5.2.0
2025-12-01 17:08:08,306 [WARN] PackLoader:240 - Cannot read IP mode file for STMicroelectronics.X-CUBE-ST67W61.1.1.0
2025-12-01 17:08:08,309 [WARN] PackLoader:240 - Cannot read IP mode file for STMicroelectronics.X-CUBE-AI.10.1.0
2025-12-01 17:08:08,358 [WARN] PackLoader:240 - Cannot read IP mode file for STMicroelectronics.X-CUBE-MEMS1.12.0.0
2025-12-01 17:08:08,508 [WARN] PackLoader:240 - Cannot read IP mode file for STMicroelectronics.X-CUBE-AZRTOS-G0.1.1.0
2025-12-01 17:08:08,516 [WARN] PackLoader:240 - Cannot read IP mode file for STMicroelectronics.X-CUBE-SAFEA1.1.2.2
2025-12-01 17:08:08,524 [WARN] PackLoader:240 - Cannot read IP mode file for STMicroelectronics.X-CUBE-NFC4.3.0.0
2025-12-01 17:08:08,533 [WARN] PackLoader:240 - Cannot read IP mode file for EmbeddedOffice.I-CUBE-FS-RTOS.1.0.1
2025-12-01 17:08:08,538 [WARN] PackLoader:240 - Cannot read IP mode file for STMicroelectronics.X-CUBE-WB05N.2.0.0
2025-12-01 17:08:08,543 [WARN] PackLoader:240 - Cannot read IP mode file for wolfSSL.I-CUBE-wolfTPM.3.8.0
2025-12-01 17:08:08,548 [WARN] PackLoader:240 - Cannot read IP mode file for STMicroelectronics.X-CUBE-TCPP.4.2.0
2025-12-01 17:08:08,554 [WARN] PackLoader:240 - Cannot read IP mode file for RealThread.X-CUBE-RT-Thread_Nano.4.1.1
2025-12-01 17:08:08,559 [WARN] PackLoader:240 - Cannot read IP mode file for STMicroelectronics.FP-ATR-SIGFOX1.3.2.0
2025-12-01 17:08:08,566 [WARN] PackLoader:240 - Cannot read IP mode file for STMicroelectronics.X-CUBE-EEPRMA1.5.1.0
2025-12-01 17:08:08,573 [WARN] PackLoader:240 - Cannot read IP mode file for ITTIA_DB.I-CUBE-ITTIADB.8.9.0
2025-12-01 17:08:08,579 [WARN] PackLoader:240 - Cannot read IP mode file for STMicroelectronics.X-CUBE-ST67W61.1.0.0
2025-12-01 17:08:08,583 [WARN] PackLoader:240 - Cannot read IP mode file for STMicroelectronics.X-CUBE-AI.10.2.0
2025-12-01 17:08:08,609 [WARN] PackLoader:240 - Cannot read IP mode file for SEGGER.I-CUBE-embOS.1.3.1
2025-12-01 17:08:08,662 [WARN] PackLoader:240 - Cannot read IP mode file for STMicroelectronics.X-CUBE-ALGOBUILD.1.4.0
2025-12-01 17:08:08,710 [WARN] PackLoader:240 - Cannot read IP mode file for STMicroelectronics.X-CUBE-MEMS1.11.3.0
2025-12-01 17:08:08,838 [WARN] PackLoader:240 - Cannot read IP mode file for STMicroelectronics.X-CUBE-PM33A1.1.0.0
2025-12-01 17:08:08,852 [WARN] PackLoader:240 - Cannot read IP mode file for STMicroelectronics.X-CUBE-AZRTOS-F4.1.1.0
2025-12-01 17:08:08,857 [WARN] PackLoader:240 - Cannot read IP mode file for Avnet-IotConnect.X-CUBE-IoTC-DA16k-PMOD.1.0.0
2025-12-01 17:08:08,859 [WARN] PackLoader:240 - Cannot read IP mode file for STMicroelectronics.X-CUBE-ISPU.2.1.0
2025-12-01 17:08:08,872 [WARN] PackLoader:240 - Cannot read IP mode file for STMicroelectronics.X-CUBE-IPS.3.2.0
2025-12-01 17:08:08,888 [WARN] PackLoader:240 - Cannot read IP mode file for STMicroelectronics.X-CUBE-NFC12.1.0.0
2025-12-01 17:08:08,900 [WARN] PackLoader:240 - Cannot read IP mode file for STMicroelectronics.X-CUBE-AZRTOS-L5.2.0.0
2025-12-01 17:08:08,906 [WARN] PackLoader:240 - Cannot read IP mode file for STMicroelectronics.X-CUBE-NFC6.3.1.0
2025-12-01 17:08:08,910 [WARN] PackLoader:240 - Cannot read IP mode file for STMicroelectronics.X-CUBE-FREERTOS.1.3.1
2025-12-01 17:08:08,913 [WARN] PackLoader:240 - Cannot read IP mode file for STMicroelectronics.X-CUBE-TOUCHGFX.4.26.0
2025-12-01 17:08:08,915 [WARN] PackLoader:240 - Cannot read IP mode file for STMicroelectronics.FP-SNS-STAIOTCFT.1.0.0
2025-12-01 17:08:08,919 [WARN] PackLoader:240 - Cannot read IP mode file for STMicroelectronics.X-CUBE-DPower.1.3.0
2025-12-01 17:08:08,930 [WARN] ConditionMgr:438 - getConditionDescription Invalid condition id : LAN8742 Phy interface Condition cause : null
2025-12-01 17:08:08,930 [WARN] PackLoader:240 - Cannot read IP mode file for STMicroelectronics.X-CUBE-AZRTOS-L4.2.0.0
2025-12-01 17:08:08,931 [WARN] ConditionMgr:1044 - genDependencies : Invalid condition id : LAN8742 Phy interface Condition cause : null
2025-12-01 17:08:08,931 [WARN] ConditionMgr:1044 - genDependencies : Invalid condition id : LAN8742 Phy interface Condition cause : null
2025-12-01 17:08:08,931 [WARN] ConditionMgr:1044 - genDependencies : Invalid condition id : LAN8742 Phy interface Condition cause : null
2025-12-01 17:08:08,935 [WARN] PackLoader:240 - Cannot read IP mode file for STMicroelectronics.X-CUBE-SFXS2LP1.4.0.0
2025-12-01 17:08:08,943 [WARN] PackLoader:240 - Cannot read IP mode file for STMicroelectronics.X-CUBE-BLEMGR.4.1.0
2025-12-01 17:08:08,954 [WARN] ConditionMgr:438 - getConditionDescription Invalid condition id : UX DEVICE CLASS RTOS Condition cause : null
2025-12-01 17:08:08,955 [WARN] ConditionMgr:438 - getConditionDescription Invalid condition id : UX DEVICE CLASS RTOS Condition cause : null
2025-12-01 17:08:08,956 [WARN] PackLoader:240 - Cannot read IP mode file for STMicroelectronics.X-CUBE-AZRTOS-WB.2.0.0
2025-12-01 17:08:08,956 [WARN] ConditionMgr:1044 - genDependencies : Invalid condition id : UX DEVICE CLASS RTOS Condition cause : null
2025-12-01 17:08:08,956 [WARN] ConditionMgr:1044 - genDependencies : Invalid condition id : UX DEVICE CLASS RTOS Condition cause : null
2025-12-01 17:08:08,956 [WARN] ConditionMgr:1044 - genDependencies : Invalid condition id : UX DEVICE CLASS RTOS Condition cause : null
2025-12-01 17:08:08,957 [WARN] ConditionMgr:1044 - genDependencies : Invalid condition id : UX DEVICE CLASS RTOS Condition cause : null
2025-12-01 17:08:08,957 [WARN] ConditionMgr:1044 - genDependencies : Invalid condition id : UX DEVICE CLASS RTOS Condition cause : null
2025-12-01 17:08:08,961 [WARN] PackLoader:240 - Cannot read IP mode file for STMicroelectronics.X-CUBE-GNSS1.7.0.1
2025-12-01 17:08:08,964 [WARN] PackLoader:240 - Cannot read IP mode file for STMicroelectronics.X-CUBE-TOUCHGFX.4.25.0
2025-12-01 17:08:08,969 [WARN] PackLoader:240 - Cannot read IP mode file for STMicroelectronics.FP-SNS-STBOX1.2.0.0
2025-12-01 17:08:08,979 [WARN] PackLoader:240 - Cannot read IP mode file for STMicroelectronics.X-CUBE-SUBG2.5.0.0
2025-12-01 17:08:08,995 [WARN] PackLoader:240 - Cannot read IP mode file for STMicroelectronics.X-CUBE-AZRTOS-H7RS.1.1.0
2025-12-01 17:08:08,999 [WARN] PackLoader:240 - Cannot read IP mode file for Cesanta.I-CUBE-Mongoose.7.13.0
2025-12-01 17:08:09,007 [WARN] PackLoader:240 - Cannot read IP mode file for STMicroelectronics.X-CUBE-AZRTOS-G4.2.0.0
2025-12-01 17:08:09,011 [WARN] PackLoader:240 - Cannot read IP mode file for wolfSSL.I-CUBE-wolfSSH.1.4.20
2025-12-01 17:08:09,014 [WARN] PackLoader:240 - Cannot read IP mode file for STMicroelectronics.X-CUBE-NFC7.2.0.0
2025-12-01 17:08:09,024 [WARN] PackLoader:240 - Cannot read IP mode file for STMicroelectronics.X-CUBE-IPS.3.1.0
2025-12-01 17:08:09,032 [WARN] PackLoader:240 - Cannot read IP mode file for STMicroelectronics.X-CUBE-ALS.1.0.2
2025-12-01 17:08:09,038 [WARN] PackLoader:240 - Cannot read IP mode file for STMicroelectronics.X-CUBE-STSE01.1.0.0
2025-12-01 17:08:09,043 [WARN] PackLoader:240 - Cannot read IP mode file for portGmbH.I-Cube-SoM-uGOAL.1.1.0
2025-12-01 17:08:09,050 [WARN] PackLoader:240 - Cannot read IP mode file for STMicroelectronics.X-CUBE-TOF1.3.4.3
2025-12-01 17:08:09,059 [INFO] ThirdParty:978 - Integrity check success = true
2025-12-01 17:08:09,059 [INFO] IntegrityCheckThread:100 - exiting critical section [integrity check]
2025-12-01 17:08:09,059 [INFO] IntegrityCheckThread:103 - End integrity checks thread
2025-12-01 17:59:49,298 [INFO] WebApp:194 - Connection lost
2025-12-01 18:44:44,251 [INFO] WebApp:191 - Connection restablished
2025-12-01 19:21:40,898 [INFO] WebApp:194 - Connection lost
2025-12-01 19:21:48,162 [INFO] WebApp:191 - Connection restablished
2025-12-01 19:21:50,550 [INFO] WebApp:194 - Connection lost
2025-12-01 19:21:51,196 [INFO] WebApp:191 - Connection restablished
2025-12-01 19:36:56,566 [INFO] WebApp:194 - Connection lost
2025-12-01 19:37:21,528 [INFO] WebApp:191 - Connection restablished
2025-12-01 19:42:11,592 [INFO] WebApp:194 - Connection lost
2025-12-01 19:42:16,529 [INFO] WebApp:191 - Connection restablished
2025-12-01 20:27:28,635 [ERROR] LogOutputStream:75 - [STDERR_REDIRECT] 
