2025-12-05 09:30:43,170 [INFO] Activator:176 - 


2025-12-05 09:30:43,173 [INFO] Activator:177 - !SESSION log4j initialized
2025-12-05 09:30:47,090 [INFO] LogOutputStream:77 - [STDOUT_REDIRECT] 
2025-12-05 09:30:49,278 [INFO] ApplicationProperties:184 - Using Application install path: /opt/st/stm32cubeide_1.19.0/plugins/com.st.stm32cube.common.mx_6.15.0.202507011659
2025-12-05 09:30:49,299 [INFO] DbMcusXml:78 - Set database path to: /opt/st/stm32cubeide_1.19.0/plugins/com.st.stm32cube.common.mx_6.15.0.202507011659//db//mcu/
2025-12-05 09:30:49,299 [INFO] ApiDb:274 - Set plugin database path to: /opt/st/stm32cubeide_1.19.0/plugins/com.st.stm32cube.common.mx_6.15.0.202507011659//db//plugins/boardmanager/
2025-12-05 09:30:49,300 [WARN] ApiDb:259 - Overriding images path with different value:  => /opt/st/stm32cubeide_1.19.0/plugins/com.st.stm32cube.common.mx_6.15.0.202507011659//db//plugins/mcufinder/images/
2025-12-05 09:30:49,306 [INFO] ApiDb:250 - Set database path to: /home/sunbeam/.stmcufinder/plugins/mcufinder//mcu/
2025-12-05 09:30:49,308 [INFO] DbMcusAds:125 - Set database path to: /home/sunbeam/.stmcufinder/plugins/mcufinder//mcu/
2025-12-05 09:30:49,530 [INFO] CrossReferenceDbSqlite:203 - Set database path to: /home/sunbeam/.stmcufinder/plugins/mcufinder//mcu/cs/
2025-12-05 09:30:49,644 [INFO] RulesReader:64 - Compatibility file has been processed (317 Rules)
2025-12-05 09:30:49,696 [INFO] DbMcusXml:78 - Set database path to: /opt/st/stm32cubeide_1.19.0/plugins/com.st.stm32cube.common.mx_6.15.0.202507011659//db//mcu/
2025-12-05 09:30:49,697 [INFO] ApiDb:274 - Set plugin database path to: /opt/st/stm32cubeide_1.19.0/plugins/com.st.stm32cube.common.mx_6.15.0.202507011659//db//plugins/boardmanager/
2025-12-05 09:30:49,697 [INFO] ApiDb:261 - Set plugin images path to: /opt/st/stm32cubeide_1.19.0/plugins/com.st.stm32cube.common.mx_6.15.0.202507011659//db//plugins/mcufinder/images/
2025-12-05 09:30:49,697 [WARN] DbFile:41 - Overriding database path with different value: /home/sunbeam/.stmcufinder/plugins/mcufinder/ => /home/sunbeam/.stmcufinder/plugins/mcufinder
2025-12-05 09:30:49,697 [INFO] ApiDb:250 - Set database path to: /home/sunbeam/.stmcufinder/plugins/mcufinder//mcu/
2025-12-05 09:30:49,697 [WARN] DbFile:41 - Overriding database path with different value: /home/sunbeam/.stmcufinder/plugins/mcufinder/ => /home/sunbeam/.stmcufinder/plugins/mcufinder
2025-12-05 09:30:49,697 [INFO] DbMcusAds:125 - Set database path to: /home/sunbeam/.stmcufinder/plugins/mcufinder//mcu/
2025-12-05 09:30:49,697 [WARN] DbFile:41 - Overriding database path with different value: /home/sunbeam/.stmcufinder/plugins/mcufinder/ => /home/sunbeam/.stmcufinder/plugins/mcufinder
2025-12-05 09:30:49,698 [WARN] DbFile:41 - Overriding database path with different value: /home/sunbeam/.stmcufinder/plugins/mcufinder/ => /home/sunbeam/.stmcufinder/plugins/mcufinder
2025-12-05 09:30:49,940 [INFO] CrossReferenceDbSqlite:203 - Set database path to: /home/sunbeam/.stmcufinder/plugins/mcufinder//mcu/cs/
2025-12-05 09:30:50,007 [INFO] MainPanel:274 - HeapMemory: 268435456
2025-12-05 09:30:50,123 [INFO] DbMcusXml:78 - Set database path to: /opt/st/stm32cubeide_1.19.0/plugins/com.st.stm32cube.common.mx_6.15.0.202507011659//db//mcu/
2025-12-05 09:30:50,123 [INFO] ApiDb:274 - Set plugin database path to: /opt/st/stm32cubeide_1.19.0/plugins/com.st.stm32cube.common.mx_6.15.0.202507011659//db//plugins/boardmanager/
2025-12-05 09:30:50,123 [INFO] ApiDb:261 - Set plugin images path to: /opt/st/stm32cubeide_1.19.0/plugins/com.st.stm32cube.common.mx_6.15.0.202507011659//db//plugins/mcufinder/images/
2025-12-05 09:30:50,123 [WARN] DbFile:41 - Overriding database path with different value: /home/sunbeam/.stmcufinder/plugins/mcufinder/ => /home/sunbeam/.stmcufinder/plugins/mcufinder
2025-12-05 09:30:50,123 [INFO] ApiDb:250 - Set database path to: /home/sunbeam/.stmcufinder/plugins/mcufinder//mcu/
2025-12-05 09:30:50,124 [WARN] DbFile:41 - Overriding database path with different value: /home/sunbeam/.stmcufinder/plugins/mcufinder/ => /home/sunbeam/.stmcufinder/plugins/mcufinder
2025-12-05 09:30:50,124 [INFO] DbMcusAds:125 - Set database path to: /home/sunbeam/.stmcufinder/plugins/mcufinder//mcu/
2025-12-05 09:30:50,124 [WARN] DbFile:41 - Overriding database path with different value: /home/sunbeam/.stmcufinder/plugins/mcufinder/ => /home/sunbeam/.stmcufinder/plugins/mcufinder
2025-12-05 09:30:50,124 [WARN] DbFile:41 - Overriding database path with different value: /home/sunbeam/.stmcufinder/plugins/mcufinder/ => /home/sunbeam/.stmcufinder/plugins/mcufinder
2025-12-05 09:30:50,349 [INFO] CrossReferenceDbSqlite:203 - Set database path to: /home/sunbeam/.stmcufinder/plugins/mcufinder//mcu/cs/
2025-12-05 09:30:50,372 [INFO] ApplicationProperties:184 - Using Application install path: /opt/st/stm32cubeide_1.19.0/plugins/com.st.stm32cube.common.mx_6.15.0.202507011659
2025-12-05 09:30:50,374 [INFO] PluginManage:196 - Search for loadable plugins [exclusion list=, ]
2025-12-05 09:30:50,376 [INFO] PluginManage:310 - Check plugin analytics
2025-12-05 09:30:50,734 [INFO] AnalyticsPlugin:253 - Accepted Software Licenses: 
2025-12-05 09:30:50,734 [INFO] AnalyticsPlugin:255 - Accepted CMSIS Pack Licenses: 
2025-12-05 09:30:50,734 [INFO] AnalyticsPlugin:257 - Accepted Firmware Licenses: FW.F4.1.28.0
2025-12-05 09:30:50,736 [INFO] PluginManage:359 - Loaded plugin analytics (category:tool,tabindex:-1)
2025-12-05 09:30:50,736 [INFO] PluginManage:310 - Check plugin cadmodel
2025-12-05 09:30:50,740 [INFO] CADModel:105 - Init CAD model plugin
2025-12-05 09:30:50,741 [INFO] PluginManage:359 - Loaded plugin cadmodel (category:power,tabindex:5)
2025-12-05 09:30:50,741 [INFO] PluginManage:310 - Check plugin clock
2025-12-05 09:30:50,748 [INFO] PluginManage:359 - Loaded plugin clock (category:base,tabindex:2)
2025-12-05 09:30:50,748 [INFO] PluginManage:310 - Check plugin ddr
2025-12-05 09:30:50,750 [INFO] PluginManage:359 - Loaded plugin ddr (category:tool,tabindex:6)
2025-12-05 09:30:50,750 [INFO] PluginManage:310 - Check plugin filemanager
2025-12-05 09:30:50,879 [INFO] PluginManage:359 - Loaded plugin filemanager (category:base,tabindex:10)
2025-12-05 09:30:50,879 [INFO] PluginManage:310 - Check plugin ipmanager
2025-12-05 09:30:50,883 [INFO] PluginManage:359 - Loaded plugin ipmanager (category:base,tabindex:5)
2025-12-05 09:30:50,884 [INFO] PluginManage:310 - Check plugin lpbam
2025-12-05 09:30:50,892 [INFO] PluginManage:359 - Loaded plugin lpbam (category:base,tabindex:0)
2025-12-05 09:30:50,892 [INFO] PluginManage:310 - Check plugin memorymap
2025-12-05 09:30:50,902 [INFO] PluginManage:359 - Loaded plugin memorymap (category:base,tabindex:4)
2025-12-05 09:30:50,902 [INFO] PluginManage:310 - Check plugin pinoutandconfiguration
2025-12-05 09:30:50,910 [INFO] PluginManage:359 - Loaded plugin pinoutandconfiguration (category:base,tabindex:1)
2025-12-05 09:30:50,910 [INFO] PluginManage:310 - Check plugin pinoutconfig
2025-12-05 09:30:50,976 [WARN] SupportedApi:132 - Cannot load RTOS API schema: s4s-elt-must-match.1: The content of 'definitions' must match (annotation?, (simpleType | complexType)?, (unique | key | keyref)*)). A problem was found starting at: attribute.
2025-12-05 09:30:51,085 [INFO] PluginManage:359 - Loaded plugin pinoutconfig (category:base,tabindex:0)
2025-12-05 09:30:51,085 [INFO] PluginManage:310 - Check plugin power
2025-12-05 09:30:51,094 [INFO] PluginManage:359 - Loaded plugin power (category:power,tabindex:4)
2025-12-05 09:30:51,094 [INFO] PluginManage:310 - Check plugin projectmanager
2025-12-05 09:30:51,106 [INFO] PluginManage:359 - Loaded plugin projectmanager (category:projectmanager,tabindex:4)
2025-12-05 09:30:51,106 [INFO] PluginManage:310 - Check plugin rif
2025-12-05 09:30:51,115 [INFO] PluginManage:359 - Loaded plugin rif (category:base,tabindex:3)
2025-12-05 09:30:51,115 [INFO] PluginManage:310 - Check plugin thirdparty
2025-12-05 09:30:51,238 [INFO] PluginManage:359 - Loaded plugin thirdparty (category:base,tabindex:-1)
2025-12-05 09:30:51,238 [WARN] IntegrityCheckThread:84 - waiting for thirdparty lock release [integrity check]
2025-12-05 09:30:51,239 [INFO] IntegrityCheckThread:86 - entering critical section [integrity check]
2025-12-05 09:30:51,239 [INFO] PluginManage:310 - Check plugin tools
2025-12-05 09:30:51,239 [INFO] ThirdPartyUpdaterWithRetryManager:70 - Updater plugin not ready yet. [1/15]
2025-12-05 09:30:51,241 [INFO] PluginManage:359 - Loaded plugin tools (category:base,tabindex:7)
2025-12-05 09:30:51,242 [INFO] PluginManage:310 - Check plugin tutovideos
2025-12-05 09:30:51,418 [INFO] PluginManage:359 - Loaded plugin tutovideos (category:base,tabindex:-1)
2025-12-05 09:30:51,418 [INFO] PluginManage:310 - Check plugin updater
2025-12-05 09:30:51,440 [INFO] PluginManage:359 - Loaded plugin updater (category:base,tabindex:12)
2025-12-05 09:30:51,441 [INFO] PluginManage:310 - Check plugin userauth
2025-12-05 09:30:51,446 [INFO] UserAuth:118 - Init User Auth plugin
2025-12-05 09:30:51,448 [INFO] PluginManage:359 - Loaded plugin userauth (category:base,tabindex:14)
2025-12-05 09:30:51,448 [INFO] PluginManage:283 - PluginManage : Loaded plugins [18]
2025-12-05 09:30:51,621 [INFO] PinOutPanel:1589 - setPackage(No Configuration,No Configuration)
2025-12-05 09:30:51,689 [INFO] CADModel:165 - CPN selected for project level
2025-12-05 09:30:51,689 [INFO] CADModel:114 - Register for checkConnection events
2025-12-05 09:30:51,698 [INFO] IPUIPlugin:80 - create IPUIPlugin
2025-12-05 09:30:51,699 [INFO] PluginManager:220 - loadIPPluginJar : add dfsdm
2025-12-05 09:30:51,712 [INFO] IPUIPlugin:80 - create IPUIPlugin
2025-12-05 09:30:51,713 [INFO] PluginManager:220 - loadIPPluginJar : add gfxmmu
2025-12-05 09:30:51,716 [INFO] IPUIPlugin:80 - create IPUIPlugin
2025-12-05 09:30:51,716 [INFO] PluginManager:220 - loadIPPluginJar : add i3c
2025-12-05 09:30:51,719 [INFO] IPUIPlugin:80 - create IPUIPlugin
2025-12-05 09:30:51,719 [INFO] PluginManager:220 - loadIPPluginJar : add sai
2025-12-05 09:30:51,724 [INFO] IPUIPlugin:80 - create IPUIPlugin
2025-12-05 09:30:51,725 [INFO] PluginManager:220 - loadIPPluginJar : add dma
2025-12-05 09:30:51,726 [INFO] IPUIPlugin:80 - create IPUIPlugin
2025-12-05 09:30:51,726 [INFO] PluginManager:220 - loadIPPluginJar : add quadspi
2025-12-05 09:30:51,729 [INFO] IPUIPlugin:80 - create IPUIPlugin
2025-12-05 09:30:51,730 [INFO] PluginManager:220 - loadIPPluginJar : add opamp
2025-12-05 09:30:51,731 [INFO] IPUIPlugin:80 - create IPUIPlugin
2025-12-05 09:30:51,731 [INFO] PluginManager:220 - loadIPPluginJar : add comp
2025-12-05 09:30:51,736 [INFO] IPUIPlugin:80 - create IPUIPlugin
2025-12-05 09:30:51,738 [INFO] PluginManager:220 - loadIPPluginJar : add plateformsettings
2025-12-05 09:30:51,740 [INFO] IPUIPlugin:80 - create IPUIPlugin
2025-12-05 09:30:51,740 [INFO] PluginManager:220 - loadIPPluginJar : add ltdc
2025-12-05 09:30:51,743 [INFO] IPUIPlugin:80 - create IPUIPlugin
2025-12-05 09:30:51,743 [INFO] PluginManager:220 - loadIPPluginJar : add nvic
2025-12-05 09:30:51,744 [INFO] IPUIPlugin:80 - create IPUIPlugin
2025-12-05 09:30:51,745 [INFO] PluginManager:220 - loadIPPluginJar : add fatfs
2025-12-05 09:30:51,748 [INFO] IPUIPlugin:80 - create IPUIPlugin
2025-12-05 09:30:51,749 [INFO] PluginManager:220 - loadIPPluginJar : add gpio
2025-12-05 09:30:51,751 [INFO] IPUIPlugin:80 - create IPUIPlugin
2025-12-05 09:30:51,751 [INFO] PluginManager:220 - loadIPPluginJar : add aes
2025-12-05 09:30:51,756 [INFO] IPUIPlugin:80 - create IPUIPlugin
2025-12-05 09:30:51,756 [INFO] PluginManager:220 - loadIPPluginJar : add mdma
2025-12-05 09:30:51,758 [INFO] IPUIPlugin:80 - create IPUIPlugin
2025-12-05 09:30:51,758 [INFO] PluginManager:220 - loadIPPluginJar : add pdm2pcm
2025-12-05 09:30:51,764 [INFO] IPUIPlugin:80 - create IPUIPlugin
2025-12-05 09:30:51,764 [INFO] PluginManager:220 - loadIPPluginJar : add linkedlist
2025-12-05 09:30:51,766 [INFO] IPUIPlugin:80 - create IPUIPlugin
2025-12-05 09:30:51,766 [INFO] PluginManager:220 - loadIPPluginJar : add usart
2025-12-05 09:30:51,768 [INFO] IPUIPlugin:80 - create IPUIPlugin
2025-12-05 09:30:51,768 [INFO] PluginManager:220 - loadIPPluginJar : add i2c
2025-12-05 09:30:51,770 [INFO] IPUIPlugin:80 - create IPUIPlugin
2025-12-05 09:30:51,770 [INFO] PluginManager:220 - loadIPPluginJar : add lorawan
2025-12-05 09:30:51,773 [INFO] IPUIPlugin:80 - create IPUIPlugin
2025-12-05 09:30:51,773 [INFO] PluginManager:220 - loadIPPluginJar : add usbx
2025-12-05 09:30:51,777 [INFO] IPUIPlugin:80 - create IPUIPlugin
2025-12-05 09:30:51,777 [INFO] PluginManager:220 - loadIPPluginJar : add fmc
2025-12-05 09:30:51,779 [INFO] IPUIPlugin:80 - create IPUIPlugin
2025-12-05 09:30:51,779 [INFO] PluginManager:220 - loadIPPluginJar : add extmemmanager
2025-12-05 09:30:51,785 [INFO] IPUIPlugin:80 - create IPUIPlugin
2025-12-05 09:30:51,785 [INFO] PluginManager:220 - loadIPPluginJar : add freertos
2025-12-05 09:30:51,787 [INFO] IPUIPlugin:80 - create IPUIPlugin
2025-12-05 09:30:51,787 [INFO] PluginManager:220 - loadIPPluginJar : add can
2025-12-05 09:30:51,790 [INFO] IPUIPlugin:80 - create IPUIPlugin
2025-12-05 09:30:51,790 [INFO] PluginManager:220 - loadIPPluginJar : add touchsensing
2025-12-05 09:30:51,792 [INFO] IPUIPlugin:80 - create IPUIPlugin
2025-12-05 09:30:51,792 [INFO] PluginManager:220 - loadIPPluginJar : add tracer_emb
2025-12-05 09:30:51,794 [INFO] IPUIPlugin:80 - create IPUIPlugin
2025-12-05 09:30:51,794 [INFO] PluginManager:220 - loadIPPluginJar : add ucpd
2025-12-05 09:30:51,795 [INFO] IPUIPlugin:80 - create IPUIPlugin
2025-12-05 09:30:51,796 [INFO] PluginManager:220 - loadIPPluginJar : add ts
2025-12-05 09:30:51,797 [INFO] IPUIPlugin:80 - create IPUIPlugin
2025-12-05 09:30:51,797 [INFO] PluginManager:220 - loadIPPluginJar : add tsc
2025-12-05 09:30:51,800 [INFO] IPUIPlugin:80 - create IPUIPlugin
2025-12-05 09:30:51,800 [INFO] PluginManager:220 - loadIPPluginJar : add resmgrutility
2025-12-05 09:30:51,802 [INFO] IPUIPlugin:80 - create IPUIPlugin
2025-12-05 09:30:51,802 [INFO] PluginManager:220 - loadIPPluginJar : add cryp
2025-12-05 09:30:51,804 [INFO] IPUIPlugin:80 - create IPUIPlugin
2025-12-05 09:30:51,804 [INFO] PluginManager:220 - loadIPPluginJar : add openamp
2025-12-05 09:30:51,809 [INFO] IPUIPlugin:80 - create IPUIPlugin
2025-12-05 09:30:51,809 [INFO] PluginManager:220 - loadIPPluginJar : add adc
2025-12-05 09:30:51,811 [INFO] IPUIPlugin:80 - create IPUIPlugin
2025-12-05 09:30:51,811 [INFO] PluginManager:220 - loadIPPluginJar : add spi
2025-12-05 09:30:51,814 [INFO] IPUIPlugin:80 - create IPUIPlugin
2025-12-05 09:30:51,814 [INFO] PluginManager:220 - loadIPPluginJar : add ipddr
2025-12-05 09:30:51,820 [INFO] IPUIPlugin:80 - create IPUIPlugin
2025-12-05 09:30:51,820 [INFO] PluginManager:220 - loadIPPluginJar : add stm32_wpan
2025-12-05 09:30:51,825 [INFO] IPUIPlugin:80 - create IPUIPlugin
2025-12-05 09:30:51,825 [INFO] PluginManager:220 - loadIPPluginJar : add gic
2025-12-05 09:30:51,827 [INFO] IPUIPlugin:80 - create IPUIPlugin
2025-12-05 09:30:51,827 [INFO] PluginManager:220 - loadIPPluginJar : add ddr_ctrl_phy
2025-12-05 09:30:51,829 [INFO] IPUIPlugin:80 - create IPUIPlugin
2025-12-05 09:30:51,829 [INFO] PluginManager:220 - loadIPPluginJar : add genericplugin
2025-12-05 09:30:51,831 [INFO] IPUIPlugin:80 - create IPUIPlugin
2025-12-05 09:30:51,831 [INFO] PluginManager:220 - loadIPPluginJar : add hash
2025-12-05 09:30:51,833 [INFO] IPUIPlugin:80 - create IPUIPlugin
2025-12-05 09:30:51,833 [INFO] PluginManager:220 - loadIPPluginJar : add tim
2025-12-05 09:30:51,834 [INFO] IPUIPlugin:80 - create IPUIPlugin
2025-12-05 09:30:51,834 [INFO] PluginManager:220 - loadIPPluginJar : add radio
2025-12-05 09:30:51,836 [INFO] IPUIPlugin:80 - create IPUIPlugin
2025-12-05 09:30:51,836 [INFO] PluginManager:220 - loadIPPluginJar : add gtzc
2025-12-05 09:30:51,838 [INFO] IPUIPlugin:80 - create IPUIPlugin
2025-12-05 09:30:51,838 [INFO] PluginManager:220 - loadIPPluginJar : add i2s
2025-12-05 09:30:51,840 [INFO] IPUIPlugin:80 - create IPUIPlugin
2025-12-05 09:30:51,840 [INFO] PluginManager:220 - loadIPPluginJar : add dma3
2025-12-05 09:30:51,940 [FATAL] Updater:351 - Updater called before beeing initialized
2025-12-05 09:30:51,967 [INFO] RulesReader:64 - Compatibility file has been processed (317 Rules)
2025-12-05 09:30:51,977 [INFO] RulesReader:64 - Compatibility file has been processed (317 Rules)
2025-12-05 09:30:51,985 [INFO] CADModel:165 - CPN selected for project level
2025-12-05 09:30:51,985 [INFO] CADModel:114 - Register for checkConnection events
2025-12-05 09:30:51,985 [FATAL] Updater:351 - Updater called before beeing initialized
2025-12-05 09:30:51,985 [ERROR] CADModel:125 - Updater not yet initialized, retry later 
2025-12-05 09:30:52,106 [FATAL] Updater:351 - Updater called before beeing initialized
2025-12-05 09:30:52,108 [INFO] CADModel:165 - CPN selected for project level
2025-12-05 09:30:52,108 [INFO] CADModel:114 - Register for checkConnection events
2025-12-05 09:30:52,108 [FATAL] Updater:351 - Updater called before beeing initialized
2025-12-05 09:30:52,108 [ERROR] CADModel:125 - Updater not yet initialized, retry later 
2025-12-05 09:30:52,111 [FATAL] Updater:351 - Updater called before beeing initialized
2025-12-05 09:30:52,208 [FATAL] Updater:351 - Updater called before beeing initialized
2025-12-05 09:30:52,214 [INFO] DbMcusAds:53 - JSON generation date=Tue Nov 25 19:38:32 IST 2025 (1764079712287)
2025-12-05 09:30:52,214 [FATAL] Updater:351 - Updater called before beeing initialized
2025-12-05 09:30:52,250 [WARN] DetailPanel:346 - Failed to get advertising image, set to default
2025-12-05 09:30:52,312 [FATAL] Updater:351 - Updater called before beeing initialized
2025-12-05 09:30:52,313 [FATAL] Updater:351 - Updater called before beeing initialized
2025-12-05 09:30:52,313 [FATAL] Updater:351 - Updater called before beeing initialized
2025-12-05 09:30:52,313 [WARN] DetailPanel:346 - Failed to get advertising image, set to default
2025-12-05 09:30:52,314 [FATAL] Updater:351 - Updater called before beeing initialized
2025-12-05 09:30:52,343 [ERROR] Updater:1198 - MainUpdater not yet initialized. External WinMGr cannot be set.
2025-12-05 09:30:52,344 [INFO] Updater:1134 - Updater Version found : 6.15.0
2025-12-05 09:30:52,364 [INFO] ApplicationProperties:184 - Using Application install path: /opt/st/stm32cubeide_1.19.0/plugins/com.st.stm32cube.common.mx_6.15.0.202507011659
2025-12-05 09:30:52,768 [INFO] MainUpdater:2872 - connection check result : 10
2025-12-05 09:30:52,768 [INFO] MainUpdater:289 - Updater Check For Update Now.
2025-12-05 09:30:52,769 [INFO] MicroXplorer:498 - Change Database Version : DB.6.0.150
2025-12-05 09:30:52,774 [INFO] McuFinderGlobals:63 - Set McuFinder mode to 2 (CubeIDE integrated)
2025-12-05 09:30:52,775 [INFO] UserAuth:487 - Internet connection configuration mode: 1
2025-12-05 09:30:52,799 [INFO] JxBrowserEngine:152 - Initiate JxBrowser Engine with user profile folder
2025-12-05 09:30:52,940 [INFO] CheckServerUpdateThread:120 - End of CheckServer Thread
2025-12-05 09:30:53,548 [INFO] WebApp:169 - Instantiating new browser for Auth
2025-12-05 09:30:54,114 [INFO] WebApp:463 - Apply proxy settings
2025-12-05 09:30:54,115 [INFO] WebApp:548 - Chromium requires no authentication
2025-12-05 09:30:54,122 [INFO] WebApp:491 - Direct internet connection detected
2025-12-05 09:30:54,148 [INFO] WebApp:900 - Register for checkConnection events
2025-12-05 09:30:54,148 [INFO] WebApp:463 - Apply proxy settings
2025-12-05 09:30:54,148 [INFO] WebApp:548 - Chromium requires no authentication
2025-12-05 09:30:54,149 [INFO] WebApp:491 - Direct internet connection detected
2025-12-05 09:30:54,359 [INFO] WebApp:225 - Starting web application
2025-12-05 09:30:54,359 [INFO] WebApp:593 - Web application path used /opt/st/stm32cubeide_1.19.0/plugins/com.st.stm32cube.common.mx_6.15.0.202507011659/db/plugins/mcufinder/reactClient1/index.html
2025-12-05 09:30:54,424 [WARN] PackLoader:240 - Cannot read IP mode file for STMicroelectronics.FP-SNS-MOTENVWB1.1.4.0
2025-12-05 09:30:54,432 [WARN] PackLoader:240 - Cannot read IP mode file for STMicroelectronics.FP-ATR-ASTRA1.2.0.2
2025-12-05 09:30:54,437 [WARN] PackLoader:240 - Cannot read IP mode file for STMicroelectronics.X-CUBE-SMBUS.2.1.0
2025-12-05 09:30:54,441 [WARN] PackLoader:240 - Cannot read IP mode file for STMicroelectronics.X-CUBE-ST60.1.0.0
2025-12-05 09:30:54,475 [INFO] UserAuth:487 - Internet connection configuration mode: 1
2025-12-05 09:30:54,475 [WARN] PackLoader:240 - Cannot read IP mode file for STMicroelectronics.X-CUBE-AZRTOS-F7.1.1.0
2025-12-05 09:30:54,484 [WARN] PackLoader:240 - Cannot read IP mode file for STMicroelectronics.FP-SNS-MOTENV1.5.1.0
2025-12-05 09:30:54,515 [WARN] PackLoader:240 - Cannot read IP mode file for Infineon.AIROC-Wi-Fi-Bluetooth-STM32.1.7.1
2025-12-05 09:30:54,537 [WARN] PackLoader:240 - Cannot read IP mode file for STMicroelectronics.X-CUBE-AZRTOS-H7.3.4.0
2025-12-05 09:30:54,544 [WARN] PackLoader:240 - Cannot read IP mode file for STMicroelectronics.X-CUBE-DISPLAY.3.0.0
2025-12-05 09:30:54,552 [WARN] PackLoader:240 - Cannot read IP mode file for STMicroelectronics.X-CUBE-NFC10.1.0.0
2025-12-05 09:30:54,560 [WARN] PackLoader:240 - Cannot read IP mode file for STMicroelectronics.X-CUBE-BLEMGR.4.0.0
2025-12-05 09:30:54,565 [WARN] PackLoader:240 - Cannot read IP mode file for STMicroelectronics.X-CUBE-ST60.1.1.0
2025-12-05 09:30:54,569 [WARN] PackLoader:240 - Cannot read IP mode file for emotas.I-CUBE-CANOPEN.1.3.0
2025-12-05 09:30:54,572 [WARN] PackLoader:240 - Cannot read IP mode file for STMicroelectronics.X-CUBE-GNSS1.7.1.0
2025-12-05 09:30:54,575 [WARN] ConditionMgr:438 - getConditionDescription Invalid condition id : Cortex-A Device cause : null
2025-12-05 09:30:54,587 [WARN] ConditionMgr:1044 - genDependencies : Invalid condition id : Cortex-A Device cause : null
2025-12-05 09:30:54,587 [WARN] ConditionMgr:1044 - genDependencies : Invalid condition id : Cortex-A Device cause : null
2025-12-05 09:30:54,587 [WARN] ConditionMgr:1044 - genDependencies : Invalid condition id : Cortex-A Device cause : null
2025-12-05 09:30:54,592 [WARN] PackLoader:240 - Cannot read IP mode file for STMicroelectronics.FP-SNS-STBOX1.2.1.0
2025-12-05 09:30:54,597 [WARN] PackLoader:240 - Cannot read IP mode file for STMicroelectronics.FP-SNS-SMARTAG2.1.2.0
2025-12-05 09:30:54,601 [WARN] PackLoader:240 - Cannot read IP mode file for STMicroelectronics.FP-SNS-FLIGHT1.5.1.0
2025-12-05 09:30:54,606 [INFO] LogOutputStream:77 - [STDOUT_REDIRECT] 1 : Invalid condition id : UX_CORESTACK_Condition cause : null
2025-12-05 09:30:54,607 [INFO] LogOutputStream:77 - [STDOUT_REDIRECT] 1 : Invalid condition id : UX_CORESTACK_Condition cause : null
2025-12-05 09:30:54,607 [INFO] LogOutputStream:77 - [STDOUT_REDIRECT] 1 : Invalid condition id : UX_CORESTACK_Condition cause : null
2025-12-05 09:30:54,607 [INFO] LogOutputStream:77 - [STDOUT_REDIRECT] 1 : Invalid condition id : UX_CORESTACK_Condition cause : null
2025-12-05 09:30:54,607 [INFO] LogOutputStream:77 - [STDOUT_REDIRECT] 1 : Invalid condition id : UX_CORESTACK_Condition cause : null
2025-12-05 09:30:54,609 [WARN] PackLoader:240 - Cannot read IP mode file for STMicroelectronics.X-CUBE-AZRTOS-WL.2.0.0
2025-12-05 09:30:54,613 [WARN] PackLoader:240 - Cannot read IP mode file for STMicroelectronics.FP-SNS-MOTENV1.5.0.0
2025-12-05 09:30:54,625 [WARN] PackLoader:240 - Cannot read IP mode file for STMicroelectronics.X-CUBE-AZRTOS-H7RS.1.2.0
2025-12-05 09:30:54,631 [WARN] PackLoader:240 - Cannot read IP mode file for WES.I-CUBE-Cesium.1.3.0
2025-12-05 09:30:54,635 [WARN] PackLoader:240 - Cannot read IP mode file for STMicroelectronics.X-CUBE-BLE2.3.3.0
2025-12-05 09:30:54,644 [WARN] PackLoader:240 - Cannot read IP mode file for STMicroelectronics.X-CUBE-NFC9.1.0.0
2025-12-05 09:30:54,647 [WARN] PackLoader:240 - Cannot read IP mode file for wolfSSL.I-CUBE-wolfSSL.5.8.0
2025-12-05 09:30:54,651 [WARN] PackLoader:240 - Cannot read IP mode file for STMicroelectronics.X-CUBE-BLE1.7.1.0
2025-12-05 09:30:54,654 [WARN] PackLoader:240 - Cannot read IP mode file for wolfSSL.I-CUBE-wolfMQTT.1.19.2
2025-12-05 09:30:54,659 [WARN] PackLoader:240 - Cannot read IP mode file for STMicroelectronics.X-CUBE-FREERTOS.1.4.0
2025-12-05 09:30:54,666 [WARN] PackLoader:240 - Cannot read IP mode file for STMicroelectronics.X-CUBE-EEPRMA1.5.2.0
2025-12-05 09:30:54,675 [WARN] PackLoader:240 - Cannot read IP mode file for STMicroelectronics.X-CUBE-ST67W61.1.1.0
2025-12-05 09:30:54,682 [WARN] PackLoader:240 - Cannot read IP mode file for STMicroelectronics.X-CUBE-AI.10.1.0
2025-12-05 09:30:54,749 [WARN] PackLoader:240 - Cannot read IP mode file for STMicroelectronics.X-CUBE-MEMS1.12.0.0
2025-12-05 09:30:54,778 [INFO] WebApp:191 - Connection restablished
2025-12-05 09:30:54,901 [WARN] PackLoader:240 - Cannot read IP mode file for STMicroelectronics.X-CUBE-AZRTOS-G0.1.1.0
2025-12-05 09:30:54,907 [WARN] PackLoader:240 - Cannot read IP mode file for STMicroelectronics.X-CUBE-SAFEA1.1.2.2
2025-12-05 09:30:54,911 [WARN] PackLoader:240 - Cannot read IP mode file for STMicroelectronics.X-CUBE-NFC4.3.0.0
2025-12-05 09:30:54,916 [WARN] PackLoader:240 - Cannot read IP mode file for EmbeddedOffice.I-CUBE-FS-RTOS.1.0.1
2025-12-05 09:30:54,920 [WARN] PackLoader:240 - Cannot read IP mode file for STMicroelectronics.X-CUBE-WB05N.2.0.0
2025-12-05 09:30:54,923 [WARN] PackLoader:240 - Cannot read IP mode file for wolfSSL.I-CUBE-wolfTPM.3.8.0
2025-12-05 09:30:54,926 [WARN] PackLoader:240 - Cannot read IP mode file for STMicroelectronics.X-CUBE-TCPP.4.2.0
2025-12-05 09:30:54,930 [WARN] PackLoader:240 - Cannot read IP mode file for RealThread.X-CUBE-RT-Thread_Nano.4.1.1
2025-12-05 09:30:54,933 [WARN] PackLoader:240 - Cannot read IP mode file for STMicroelectronics.FP-ATR-SIGFOX1.3.2.0
2025-12-05 09:30:54,936 [WARN] PackLoader:240 - Cannot read IP mode file for STMicroelectronics.X-CUBE-EEPRMA1.5.1.0
2025-12-05 09:30:54,941 [WARN] PackLoader:240 - Cannot read IP mode file for ITTIA_DB.I-CUBE-ITTIADB.8.9.0
2025-12-05 09:30:54,945 [WARN] PackLoader:240 - Cannot read IP mode file for STMicroelectronics.X-CUBE-ST67W61.1.0.0
2025-12-05 09:30:54,948 [WARN] PackLoader:240 - Cannot read IP mode file for STMicroelectronics.X-CUBE-AI.10.2.0
2025-12-05 09:30:54,966 [WARN] PackLoader:240 - Cannot read IP mode file for SEGGER.I-CUBE-embOS.1.3.1
2025-12-05 09:30:55,013 [WARN] PackLoader:240 - Cannot read IP mode file for STMicroelectronics.X-CUBE-ALGOBUILD.1.4.0
2025-12-05 09:30:55,057 [WARN] PackLoader:240 - Cannot read IP mode file for STMicroelectronics.X-CUBE-MEMS1.11.3.0
2025-12-05 09:30:55,176 [WARN] PackLoader:240 - Cannot read IP mode file for STMicroelectronics.X-CUBE-PM33A1.1.0.0
2025-12-05 09:30:55,194 [WARN] PackLoader:240 - Cannot read IP mode file for STMicroelectronics.X-CUBE-AZRTOS-F4.1.1.0
2025-12-05 09:30:55,198 [WARN] PackLoader:240 - Cannot read IP mode file for Avnet-IotConnect.X-CUBE-IoTC-DA16k-PMOD.1.0.0
2025-12-05 09:30:55,202 [WARN] PackLoader:240 - Cannot read IP mode file for STMicroelectronics.X-CUBE-ISPU.2.1.0
2025-12-05 09:30:55,231 [WARN] PackLoader:240 - Cannot read IP mode file for STMicroelectronics.X-CUBE-IPS.3.2.0
2025-12-05 09:30:55,241 [WARN] PackLoader:240 - Cannot read IP mode file for STMicroelectronics.X-CUBE-NFC12.1.0.0
2025-12-05 09:30:55,253 [WARN] PackLoader:240 - Cannot read IP mode file for STMicroelectronics.X-CUBE-AZRTOS-L5.2.0.0
2025-12-05 09:30:55,262 [WARN] PackLoader:240 - Cannot read IP mode file for STMicroelectronics.X-CUBE-NFC6.3.1.0
2025-12-05 09:30:55,268 [WARN] PackLoader:240 - Cannot read IP mode file for STMicroelectronics.X-CUBE-FREERTOS.1.3.1
2025-12-05 09:30:55,272 [WARN] PackLoader:240 - Cannot read IP mode file for STMicroelectronics.X-CUBE-TOUCHGFX.4.26.0
2025-12-05 09:30:55,276 [WARN] PackLoader:240 - Cannot read IP mode file for STMicroelectronics.FP-SNS-STAIOTCFT.1.0.0
2025-12-05 09:30:55,280 [WARN] PackLoader:240 - Cannot read IP mode file for STMicroelectronics.X-CUBE-DPower.1.3.0
2025-12-05 09:30:55,293 [WARN] ConditionMgr:438 - getConditionDescription Invalid condition id : LAN8742 Phy interface Condition cause : null
2025-12-05 09:30:55,293 [WARN] PackLoader:240 - Cannot read IP mode file for STMicroelectronics.X-CUBE-AZRTOS-L4.2.0.0
2025-12-05 09:30:55,294 [WARN] ConditionMgr:1044 - genDependencies : Invalid condition id : LAN8742 Phy interface Condition cause : null
2025-12-05 09:30:55,295 [WARN] ConditionMgr:1044 - genDependencies : Invalid condition id : LAN8742 Phy interface Condition cause : null
2025-12-05 09:30:55,295 [WARN] ConditionMgr:1044 - genDependencies : Invalid condition id : LAN8742 Phy interface Condition cause : null
2025-12-05 09:30:55,300 [WARN] PackLoader:240 - Cannot read IP mode file for STMicroelectronics.X-CUBE-SFXS2LP1.4.0.0
2025-12-05 09:30:55,309 [WARN] PackLoader:240 - Cannot read IP mode file for STMicroelectronics.X-CUBE-BLEMGR.4.1.0
2025-12-05 09:30:55,321 [WARN] ConditionMgr:438 - getConditionDescription Invalid condition id : UX DEVICE CLASS RTOS Condition cause : null
2025-12-05 09:30:55,321 [WARN] ConditionMgr:438 - getConditionDescription Invalid condition id : UX DEVICE CLASS RTOS Condition cause : null
2025-12-05 09:30:55,322 [WARN] PackLoader:240 - Cannot read IP mode file for STMicroelectronics.X-CUBE-AZRTOS-WB.2.0.0
2025-12-05 09:30:55,322 [WARN] ConditionMgr:1044 - genDependencies : Invalid condition id : UX DEVICE CLASS RTOS Condition cause : null
2025-12-05 09:30:55,322 [WARN] ConditionMgr:1044 - genDependencies : Invalid condition id : UX DEVICE CLASS RTOS Condition cause : null
2025-12-05 09:30:55,323 [WARN] ConditionMgr:1044 - genDependencies : Invalid condition id : UX DEVICE CLASS RTOS Condition cause : null
2025-12-05 09:30:55,323 [WARN] ConditionMgr:1044 - genDependencies : Invalid condition id : UX DEVICE CLASS RTOS Condition cause : null
2025-12-05 09:30:55,323 [WARN] ConditionMgr:1044 - genDependencies : Invalid condition id : UX DEVICE CLASS RTOS Condition cause : null
2025-12-05 09:30:55,326 [WARN] PackLoader:240 - Cannot read IP mode file for STMicroelectronics.X-CUBE-GNSS1.7.0.1
2025-12-05 09:30:55,329 [WARN] PackLoader:240 - Cannot read IP mode file for STMicroelectronics.X-CUBE-TOUCHGFX.4.25.0
2025-12-05 09:30:55,334 [WARN] PackLoader:240 - Cannot read IP mode file for STMicroelectronics.FP-SNS-STBOX1.2.0.0
2025-12-05 09:30:55,340 [WARN] PackLoader:240 - Cannot read IP mode file for STMicroelectronics.X-CUBE-SUBG2.5.0.0
2025-12-05 09:30:55,355 [WARN] PackLoader:240 - Cannot read IP mode file for STMicroelectronics.X-CUBE-AZRTOS-H7RS.1.1.0
2025-12-05 09:30:55,360 [WARN] PackLoader:240 - Cannot read IP mode file for Cesanta.I-CUBE-Mongoose.7.13.0
2025-12-05 09:30:55,369 [WARN] PackLoader:240 - Cannot read IP mode file for STMicroelectronics.X-CUBE-AZRTOS-G4.2.0.0
2025-12-05 09:30:55,373 [WARN] PackLoader:240 - Cannot read IP mode file for wolfSSL.I-CUBE-wolfSSH.1.4.20
2025-12-05 09:30:55,377 [WARN] PackLoader:240 - Cannot read IP mode file for STMicroelectronics.X-CUBE-NFC7.2.0.0
2025-12-05 09:30:55,385 [WARN] PackLoader:240 - Cannot read IP mode file for STMicroelectronics.X-CUBE-IPS.3.1.0
2025-12-05 09:30:55,391 [WARN] PackLoader:240 - Cannot read IP mode file for STMicroelectronics.X-CUBE-ALS.1.0.2
2025-12-05 09:30:55,395 [WARN] PackLoader:240 - Cannot read IP mode file for STMicroelectronics.X-CUBE-STSE01.1.0.0
2025-12-05 09:30:55,398 [WARN] PackLoader:240 - Cannot read IP mode file for portGmbH.I-Cube-SoM-uGOAL.1.1.0
2025-12-05 09:30:55,405 [WARN] PackLoader:240 - Cannot read IP mode file for STMicroelectronics.X-CUBE-TOF1.3.4.3
2025-12-05 09:30:55,414 [INFO] ThirdParty:978 - Integrity check success = true
2025-12-05 09:30:55,414 [INFO] IntegrityCheckThread:100 - exiting critical section [integrity check]
2025-12-05 09:30:55,414 [INFO] IntegrityCheckThread:103 - End integrity checks thread
2025-12-05 11:02:22,557 [INFO] WebApp:194 - Connection lost
2025-12-05 11:05:39,257 [INFO] WebApp:191 - Connection restablished
2025-12-05 11:40:03,930 [INFO] McuFinderGlobals:63 - Set McuFinder mode to 2 (CubeIDE integrated)
2025-12-05 11:40:03,933 [INFO] MainUpdater:2872 - connection check result : 10
2025-12-05 11:40:03,937 [INFO] McuFinderGlobals:76 - Set McuFinderConnectedMode to true
2025-12-05 11:40:04,399 [INFO] ServerAccessManage:452 - Complete download http(s) 200
2025-12-05 11:40:04,404 [INFO] ServerAccessManage:509 - Download File mcusAds.json._tmp_
2025-12-05 11:40:04,515 [INFO] LoadUrlFilesThread:156 - End of LoadUrlFiles Thread
2025-12-05 11:40:04,942 [INFO] ServerAccessManage:452 - Complete download http(s) 200
2025-12-05 11:40:04,943 [INFO] ServerAccessManage:509 - Download File cube-finder-db.zip
2025-12-05 11:40:13,568 [INFO] FileExtend:248 - Unzip File : cube-finder-db.zip
2025-12-05 11:40:13,568 [INFO] FileExtend:263 - Standard Zip Deflate
2025-12-05 11:40:14,368 [INFO] LoadUrlFilesThread:156 - End of LoadUrlFiles Thread
2025-12-05 11:40:35,950 [ERROR] ServerAccessManage:1295 - Problem during Server Connection :  IO error Remote host terminated the handshake
2025-12-05 11:40:35,951 [ERROR] ServerAccessManage:740 - Problem during Server Connection :  : crdb_full.zip.
2025-12-05 11:40:39,334 [INFO] LoadUrlFilesThread:156 - End of LoadUrlFiles Thread
2025-12-05 11:40:40,215 [INFO] DbMcusAds:53 - JSON generation date=Tue Nov 25 19:38:32 IST 2025 (1764079712835)
2025-12-05 11:40:40,274 [ERROR] TargetSelectorAdapter:267 - Unable to refresh data
2025-12-05 11:40:40,564 [INFO] ApiDb:581 - Connected to CubeFinder SQLite database (/home/sunbeam/.stmcufinder/plugins/mcufinder/mcu/cube-finder-db.db)
2025-12-05 11:40:40,610 [INFO] ApiDb:668 - CubeFinder database Data Model version=2.1
2025-12-05 11:40:40,610 [INFO] ApiDb:669 - CubeFinder database Configuration version=3.0.39
2025-12-05 11:40:40,611 [INFO] ApiDb:670 - CubeFinder database generation date=2025-11-05 (1762334721)
2025-12-05 11:40:40,612 [INFO] ApiDb:671 - CubeFinder database FW Pack versions=[FP-ATR-ASTRA1_V2.0.0, FP-SNS-FLIGHT1_V5.1.0, FP-SNS-MOTENV1_V5.1.0, FP-SNS-MOTENVWB1_V1.4.0, FP-SNS-SMARTAG2_V1.2.0, FP-SNS-STBOX1_V2.1.0, STM32Cube_FW_C0_V1.4.0, STM32Cube_FW_F4_V1.28.3, STM32Cube_FW_F7_V1.17.4, STM32Cube_FW_G0_V1.6.2, STM32Cube_FW_G4_V1.6.1, STM32Cube_FW_H5_V1.5.1, STM32Cube_FW_H7RS_V1.3.0, STM32Cube_FW_H7_V1.12.1, STM32Cube_FW_L0_V1.12.2, STM32Cube_FW_L4_V1.18.1, STM32Cube_FW_L5_V1.6.0, STM32Cube_FW_N6_V1.3.0, STM32Cube_FW_U0_V1.3.0, STM32Cube_FW_U3_V1.2.1, STM32Cube_FW_U5_V1.8.0, STM32Cube_FW_WB0_V1.4.0, STM32Cube_FW_WBA_V1.8.0, STM32Cube_FW_WB_V1.24.0, STM32Cube_FW_WL3_V1.3.0, STM32Cube_FW_WL_V1.4.0, X-CUBE-ALGOBUILD_V1.4.0, X-CUBE-ALS_V1.0.2, X-CUBE-AZRTOS-F4_V1.1.0, X-CUBE-AZRTOS-F7_V1.1.0, X-CUBE-AZRTOS-G0_V1.1.0, X-CUBE-AZRTOS-G4_V2.0.0, X-CUBE-AZRTOS-H7RS_V1.1.0, X-CUBE-AZRTOS-H7_V3.4.0, X-CUBE-AZRTOS-L4_V2.0.0, X-CUBE-AZRTOS-L5_V2.0.0, X-CUBE-AZRTOS-WB_V2.0.0, X-CUBE-AZRTOS-WL_V2.0.0, X-CUBE-BLE1_V7.1.0, X-CUBE-BLE2_V3.3.0, X-CUBE-BLEMGR_V4.1.0, X-CUBE-EEPRMA1_V5.2.0, X-CUBE-FREERTOS_V1.3.1, X-CUBE-GNSS1_V6.0.0, X-CUBE-MEMS1_V11.3.0, X-CUBE-NFC4_V3.0.0, X-CUBE-NFC7_V2.0.0, X-CUBE-SFXS2LP1_V4.0.0, X-CUBE-ST67W61_V1.1.0, X-CUBE-SUBG2_V5.0.0, X-CUBE-TOF1_V3.4.3]
2025-12-05 11:40:43,052 [INFO] ApiDb:240 - Found 880 in-development CPN: [B-G473E-ZEST1S, B-WB1M-WPAN1, B-WBA5M-WPAN, B-WL5M-SUBG1, NUCLEO-C031C6, NUCLEO-C051C8, NUCLEO-C071RB, NUCLEO-C092RC, NUCLEO-H503RB, NUCLEO-H533RE, NUCLEO-H563ZI, NUCLEO-H7S3L8, NUCLEO-N657X0-Q, NUCLEO-U031R8, NUCLEO-U083RC, NUCLEO-U385RG-Q, NUCLEO-U545RE-Q, NUCLEO-U5A5ZJ-Q, NUCLEO-WB05KZ, NUCLEO-WB07CC, NUCLEO-WB09KE, NUCLEO-WBA52CG, NUCLEO-WBA55CG, NUCLEO-WL33CC1, NUCLEO-WL33CC2, STEVAL-PROTEUS1, STEVAL-SMARTAG2, STEVAL-STWINBX1, STM320518-EVAL, STM32C0116-DK, STM32C011D6Y3TR, STM32C011D6Y6TR, STM32C011F4P3, STM32C011F4P6, STM32C011F4U3, STM32C011F4U6TR, STM32C011F6P3, STM32C011F6P6, STM32C011F6U3, STM32C011F6U6TR, STM32C011J4M3, STM32C011J4M6, STM32C011J6M3, STM32C011J6M6, STM32C0316-DK, STM32C031C4T3, STM32C031C4T6, STM32C031C4U3, STM32C031C4U6, STM32C031C6T3, STM32C031C6T6, STM32C031C6U3, STM32C031C6U6, STM32C031F4P3, STM32C031F4P6, STM32C031F6P3, STM32C031F6P6, STM32C031G4U3, STM32C031G4U6, STM32C031G6U3, STM32C031G6U6, STM32C031K4T3, STM32C031K4T6, STM32C031K4U3, STM32C031K4U6, STM32C031K6T3, STM32C031K6T6, STM32C031K6U3, STM32C031K6U6, STM32C051C6T6, STM32C051C6U6, STM32C051C8T6, STM32C051C8U6, STM32C051D8Y6TR, STM32C051F6P6, STM32C051F8P6, STM32C051G6U6, STM32C051G8U6, STM32C051K6T6, STM32C051K6U6, STM32C051K8T6, STM32C071C8T6, STM32C071C8T6N, STM32C071C8U6, STM32C071C8U6N, STM32C071CBT6, STM32C071CBT6N, STM32C071CBU6, STM32C071CBU6N, STM32C071F8P6, STM32C071F8P6N, STM32C071FBP6, STM32C071FBP6N, STM32C071FBY6TR, STM32C071G8U6, STM32C071G8U6N, STM32C071GBU6, STM32C071GBU6N, STM32C071K8T6, STM32C071K8T6N, STM32C071K8U6, STM32C071K8U6N, STM32C071KBT6, STM32C071KBT6N, STM32C071KBU6, STM32C071KBU6N, STM32C071R8T6, STM32C071R8T6N, STM32C071RBI6N, STM32C071RBT6, STM32C071RBT6N, STM32C091CBT6, STM32C091CBU6, STM32C091CCT6, STM32C091CCU6, STM32C091ECY6TR, STM32C091FBP6, STM32C091FCP6, STM32C091GBU6, STM32C091GCU6, STM32C091KBT6, STM32C091KBU6, STM32C091KCT6, STM32C091KCU6, STM32C091RBT6, STM32C091RCI6, STM32C091RCT6, STM32C092CBT6, STM32C092CBU6, STM32C092CCT6, STM32C092CCU6, STM32C092ECY6TR, STM32C092FBP6, STM32C092FCP6, STM32C092GBU6, STM32C092GCU6, STM32C092KBT6, STM32C092KBU6, STM32C092KCT6, STM32C092KCU6, STM32C092RBT6, STM32C092RCI6, STM32C092RCT6, STM32G071K8TXN, STM32G071K8UXN, STM32G081GBU6N, STM32G081KBT6N, STM32G081KBUXN, STM32G0B1CCT6N, STM32G0B1KCT6, STM32G0B1NEY6TR, STM32G0B1RCT6N, STM32G0C1CCT6, STM32G0C1CCT6N, STM32G0C1CCU6N, STM32G0C1CET6N, STM32G0C1CEU6N, STM32G0C1KCT6, STM32G0C1NEY6TR, STM32G0C1RCI6N, STM32G0C1RCT6N, STM32G0C1REI6N, STM32G0C1RET6N, STM32G0C1VCI6, STM32G0C1VEI6, STM32G411C6T3, STM32G411C6T6, STM32G411C6U3, STM32G411C6U6, STM32G411C8T3, STM32G411C8T6, STM32G411C8U3, STM32G411C8U6, STM32G411CBT3, STM32G411CBT6, STM32G411CBU3, STM32G411CBU6, STM32G411K6T3, STM32G411K6T6, STM32G411K6U3, STM32G411K6U6, STM32G411K8T3, STM32G411K8T6, STM32G411K8U3, STM32G411K8U6, STM32G411KBT3, STM32G411KBT6, STM32G411KBU3, STM32G411KBU6, STM32G411M6T3, STM32G411M6T6, STM32G411M8T3, STM32G411M8T6, STM32G411MBT3, STM32G411MBT6, STM32G411R6T3, STM32G411R6T6, STM32G411R8T3, STM32G411R8T6, STM32G411RBT3, STM32G411RBT6, STM32G414CBT3, STM32G414CBT6, STM32G414CBU3, STM32G414CBU6, STM32G414CCT3, STM32G414CCT6, STM32G414CCU3, STM32G414CCU6, STM32G414MBT3, STM32G414MBT6, STM32G414MCT3, STM32G414MCT6, STM32G414RBT3, STM32G414RBT6, STM32G414RCT3, STM32G414RCT6, STM32G414VBT3, STM32G414VBT6, STM32G414VCT3, STM32G414VCT6, STM32G431CBT3Z, STM32G431RBT3Z, STM32G471CCT6, STM32G471CCU6, STM32G471CET3, STM32G471CET6, STM32G471CEU3, STM32G471CEU6, STM32G471MCT6, STM32G471MET3, STM32G471MET6, STM32G471MEY6TR, STM32G471QCT6, STM32G471QET3, STM32G471RCT6, STM32G471RET3, STM32G471RET6, STM32G471VCH6, STM32G471VCI6, STM32G471VCT6, STM32G471VEH3, STM32G471VEH6, STM32G471VEI3, STM32G471VEI6, STM32G471VET3, STM32G471VET6, STM32G473QET3Z, STM32G473RET3Z, STM32G474CCT6, STM32G491RET3Z, STM32H503CBT6, STM32H503CBU6, STM32H503EBY6TR, STM32H503KBU6, STM32H503RBT6, STM32H523CCT6, STM32H523CCU6, STM32H523CET6, STM32H523CEU6, STM32H523HEY6TR, STM32H523RCT6, STM32H523RET6, STM32H523VCI6, STM32H523VCT6, STM32H523VEI6, STM32H523VET6, STM32H523ZCJ6, STM32H523ZCT6, STM32H523ZEJ6, STM32H523ZET6, STM32H533CET6, STM32H533CEU6, STM32H533HEY6TR, STM32H533RET6, STM32H533VEI6, STM32H533VET6, STM32H533ZEJ6, STM32H533ZET6, STM32H562AGI6, STM32H562AII6, STM32H562IGK6, STM32H562IGT6, STM32H562IIK6, STM32H562IIT6, STM32H562RGT6, STM32H562RGV6, STM32H562RIT6, STM32H562RIV6, STM32H562VGT6, STM32H562VIT6, STM32H562ZGT6, STM32H562ZIT6, STM32H563AGI6, STM32H563AII3Q, STM32H563AII6, STM32H563IGK6, STM32H563IGT6, STM32H563IIK3Q, STM32H563IIK6, STM32H563IIT3Q, STM32H563IIT6, STM32H563MIY3QTR, STM32H563RGT6, STM32H563RGV6, STM32H563RIT6, STM32H563RIV6, STM32H563VGT6, STM32H563VIT3Q, STM32H563VIT6, STM32H563ZGT6, STM32H563ZIT3Q, STM32H563ZIT6, STM32H573AII3Q, STM32H573AII6, STM32H573I-DK, STM32H573IIK3Q, STM32H573IIK6, STM32H573IIT3Q, STM32H573IIT6, STM32H573MIY3QTR, STM32H573RIT6, STM32H573RIV6, STM32H573VIT3Q, STM32H573VIT6, STM32H573ZIT3Q, STM32H573ZIT6, STM32H7R3A8I6, STM32H7R3I8K6, STM32H7R3I8T6, STM32H7R3L8H6, STM32H7R3L8H6H, STM32H7R3R8V6, STM32H7R3V8H6, STM32H7R3V8T6, STM32H7R3V8Y6TR, STM32H7R3Z8J6, STM32H7R3Z8T6, STM32H7R7A8I6, STM32H7R7I8K6, STM32H7R7I8T6, STM32H7R7L8H6, STM32H7R7L8H6H, STM32H7R7Z8J6, STM32H7S3A8I6, STM32H7S3I8K6, STM32H7S3I8T6, STM32H7S3L8H6, STM32H7S3L8H6H, STM32H7S3R8V6, STM32H7S3V8H6, STM32H7S3V8T6, STM32H7S3V8Y6TR, STM32H7S3Z8J6, STM32H7S3Z8T6, STM32H7S78-DK, STM32H7S7A8I6, STM32H7S7I8K6, STM32H7S7I8T6, STM32H7S7L8H6, STM32H7S7L8H6H, STM32H7S7Z8J6, STM32L4R5QGI6STR, STM32MP131AAE3, STM32MP131AAF3, STM32MP131AAG3, STM32MP131CAE3, STM32MP131CAF3, STM32MP131CAG3, STM32MP131DAE7, STM32MP131DAF7, STM32MP131DAG7, STM32MP131FAE7, STM32MP131FAF7, STM32MP131FAG7, STM32MP133AAE3, STM32MP133AAF3, STM32MP133AAG3, STM32MP133CAE3, STM32MP133CAF3, STM32MP133CAG3, STM32MP133DAE7, STM32MP133DAF7, STM32MP133DAG7, STM32MP133FAE7, STM32MP133FAF7, STM32MP133FAG7, STM32MP135AAE3, STM32MP135AAF3, STM32MP135AAG3, STM32MP135CAE3, STM32MP135CAF3, STM32MP135CAG3, STM32MP135DAE7, STM32MP135DAF7, STM32MP135DAG7, STM32MP135F-DK, STM32MP135FAE7, STM32MP135FAF7, STM32MP135FAF7T, STM32MP135FAF7U, STM32MP135FAG7, STM32MP211AAL3, STM32MP211AAM3, STM32MP211AAN3, STM32MP211AAO3, STM32MP211CAL3, STM32MP211CAM3, STM32MP211CAN3, STM32MP211CAO3, STM32MP211DAL3, STM32MP211DAM3, STM32MP211DAN3, STM32MP211DAO3, STM32MP211FAL3, STM32MP211FAM3, STM32MP211FAN3, STM32MP211FAO3, STM32MP213AAL3, STM32MP213AAM3, STM32MP213AAN3, STM32MP213AAO3, STM32MP213CAL3, STM32MP213CAM3, STM32MP213CAN3, STM32MP213CAO3, STM32MP213DAL3, STM32MP213DAM3, STM32MP213DAN3, STM32MP213DAO3, STM32MP213FAL3, STM32MP213FAM3, STM32MP213FAN3, STM32MP213FAO3, STM32MP215AAL3, STM32MP215AAM3, STM32MP215AAN3, STM32MP215AAO3, STM32MP215CAL3, STM32MP215CAM3, STM32MP215CAN3, STM32MP215CAO3, STM32MP215DAL3, STM32MP215DAM3, STM32MP215DAN3, STM32MP215DAO3, STM32MP215F-DK, STM32MP215FAL3, STM32MP215FAM3, STM32MP215FAN3, STM32MP215FAO3, STM32MP231AAJ3, STM32MP231AAK3, STM32MP231AAL3, STM32MP231CAJ3, STM32MP231CAK3, STM32MP231CAL3, STM32MP231DAJ3, STM32MP231DAK3, STM32MP231DAL3, STM32MP231FAJ3, STM32MP231FAK3, STM32MP231FAL3, STM32MP233AAJ3, STM32MP233AAK3, STM32MP233AAL3, STM32MP233CAJ3, STM32MP233CAK3, STM32MP233CAL3, STM32MP233DAJ3, STM32MP233DAK3, STM32MP233DAL3, STM32MP233FAJ3, STM32MP233FAK3, STM32MP233FAL3, STM32MP235AAJ3, STM32MP235AAK3, STM32MP235AAL3, STM32MP235CAJ3, STM32MP235CAK3, STM32MP235CAL3, STM32MP235DAJ3, STM32MP235DAK3, STM32MP235DAL3, STM32MP235FAJ3, STM32MP235FAK3, STM32MP235FAL3, STM32MP251AAI3, STM32MP251AAK3, STM32MP251AAL3, STM32MP251CAI3, STM32MP251CAK3, STM32MP251CAL3, STM32MP251DAI3, STM32MP251DAK3, STM32MP251DAL3, STM32MP251FAI3, STM32MP251FAK3, STM32MP251FAL3, STM32MP253AAI3, STM32MP253AAK3, STM32MP253AAL3, STM32MP253CAI3, STM32MP253CAK3, STM32MP253CAL3, STM32MP253DAI3, STM32MP253DAK3, STM32MP253DAL3, STM32MP253FAI3, STM32MP253FAK3, STM32MP253FAL3, STM32MP255AAI3, STM32MP255AAK3, STM32MP255AAL3, STM32MP255CAI3, STM32MP255CAK3, STM32MP255CAL3, STM32MP255DAI3, STM32MP255DAK3, STM32MP255DAL3, STM32MP255FAI3, STM32MP255FAK3, STM32MP255FAL3, STM32MP257AAI3, STM32MP257AAK3, STM32MP257AAL3, STM32MP257CAI3, STM32MP257CAK3, STM32MP257CAL3, STM32MP257DAI3, STM32MP257DAK3, STM32MP257DAL3, STM32MP257F-DK, STM32MP257F-EV1, STM32MP257FAI3, STM32MP257FAK3, STM32MP257FAL3, STM32N645A0H3Q, STM32N645B0H3Q, STM32N645I0H3Q, STM32N645L0H3Q, STM32N645X0H3Q, STM32N645Z0H3Q, STM32N647A0H3Q, STM32N647B0H3Q, STM32N647I0H3Q, STM32N647L0H3Q, STM32N647X0H3Q, STM32N647Z0H3Q, STM32N655A0H3Q, STM32N655B0H3Q, STM32N655I0H3Q, STM32N655L0H3Q, STM32N655X0H3Q, STM32N655Z0H3Q, STM32N6570-DK, STM32N657A0H3Q, STM32N657B0H3Q, STM32N657I0H3Q, STM32N657L0H3Q, STM32N657X0H3Q, STM32N657Z0H3Q, STM32U031C6T6, STM32U031C6U6, STM32U031C8T6, STM32U031C8U6, STM32U031F4P6, STM32U031F6P6, STM32U031F8P6, STM32U031G6Y6TR, STM32U031G8Y6TR, STM32U031K4U6, STM32U031K6U6, STM32U031K8U6, STM32U031R6I6, STM32U031R6T6, STM32U031R8I6, STM32U031R8T6, STM32U073C8T6, STM32U073C8U6, STM32U073CBT6, STM32U073CBU6, STM32U073CCT6, STM32U073CCU6, STM32U073H8Y6TR, STM32U073HBY6TR, STM32U073HCY6TR, STM32U073K8U6, STM32U073KBU6, STM32U073KCU6, STM32U073M8I6, STM32U073M8T6, STM32U073MBI6, STM32U073MBT6, STM32U073MCI6, STM32U073MCT6, STM32U073R8I6, STM32U073R8T6, STM32U073RBI6, STM32U073RBT6, STM32U073RCI6, STM32U073RCT6, STM32U083C-DK, STM32U083CCT6, STM32U083CCU6, STM32U083HCY6TR, STM32U083KCU6, STM32U083MCI6, STM32U083MCT6, STM32U083RCI6, STM32U083RCT6, STM32U375CET6, STM32U375CET6Q, STM32U375CEU6, STM32U375CEU6Q, STM32U375CEY6QTR, STM32U375CGT6, STM32U375CGT6Q, STM32U375CGU6, STM32U375CGU6Q, STM32U375CGY6QTR, STM32U375KEU6, STM32U375KGU6, STM32U375REI6, STM32U375REI6Q, STM32U375RET6, STM32U375RET6Q, STM32U375REY6GTR, STM32U375REY6QTR, STM32U375RGI6, STM32U375RGI6Q, STM32U375RGT6, STM32U375RGT6Q, STM32U375RGY6GTR, STM32U375RGY6QTR, STM32U375VEI6, STM32U375VEI6Q, STM32U375VET6, STM32U375VET6Q, STM32U375VGI6, STM32U375VGI6Q, STM32U375VGT6, STM32U375VGT6Q, STM32U385CGT6, STM32U385CGT6Q, STM32U385CGU6, STM32U385CGU6Q, STM32U385CGY6QTR, STM32U385KGU6, STM32U385RGI6, STM32U385RGI6Q, STM32U385RGT6, STM32U385RGT6Q, STM32U385RGY6GTR, STM32U385RGY6QTR, STM32U385VGI6, STM32U385VGI6Q, STM32U385VGT6, STM32U385VGT6Q, STM32U535CBT6, STM32U535CBT6Q, STM32U535CBU6, STM32U535CBU6Q, STM32U535CCT6, STM32U535CCT6Q, STM32U535CCU6, STM32U535CCU6Q, STM32U535CET6, STM32U535CET6Q, STM32U535CEU6, STM32U535CEU6Q, STM32U535JEY6QTR, STM32U535NCY6QTR, STM32U535NEY6QTR, STM32U535RBI6, STM32U535RBI6Q, STM32U535RBT6, STM32U535RBT6Q, STM32U535RCI6, STM32U535RCI6Q, STM32U535RCT6, STM32U535RCT6Q, STM32U535REI6, STM32U535REI6Q, STM32U535RET6, STM32U535RET6Q, STM32U535VCI6, STM32U535VCI6Q, STM32U535VCT6, STM32U535VCT6Q, STM32U535VEI6, STM32U535VEI6Q, STM32U535VET6, STM32U535VET6Q, STM32U545CET6, STM32U545CET6Q, STM32U545CEU6, STM32U545CEU6Q, STM32U545JEY6QTR, STM32U545NEY6QTR, STM32U545REI6, STM32U545REI6Q, STM32U545RET6, STM32U545RET6Q, STM32U545VEI6, STM32U545VEI6Q, STM32U545VET6, STM32U545VET6Q, STM32U595AIH6, STM32U595AIH6Q, STM32U595AJH6, STM32U595AJH6Q, STM32U595QII6, STM32U595QII6Q, STM32U595QJI6, STM32U595QJI6Q, STM32U595RIT6, STM32U595RIT6Q, STM32U595RJT6, STM32U595RJT6Q, STM32U595VIT6, STM32U595VIT6Q, STM32U595VJT6, STM32U595VJT6Q, STM32U595ZIT6, STM32U595ZIT6Q, STM32U595ZIY6QTR, STM32U595ZJT6, STM32U595ZJT6Q, STM32U595ZJY6QTR, STM32U599BJY6QTR, STM32U599NIH6Q, STM32U599NJH6Q, STM32U599VIT6Q, STM32U599VJT6, STM32U599VJT6Q, STM32U599ZIT6Q, STM32U599ZIY6QTR, STM32U599ZJT6Q, STM32U599ZJY6QTR, STM32U5A5AJH6, STM32U5A5AJH6Q, STM32U5A5QII3Q , STM32U5A5QJI6, STM32U5A5QJI6Q, STM32U5A5RJT6, STM32U5A5RJT6Q, STM32U5A5VJT6, STM32U5A5VJT6Q, STM32U5A5ZJT6, STM32U5A5ZJT6Q, STM32U5A5ZJY6QTR, STM32U5A9BJY6QTR, STM32U5A9J-DK, STM32U5A9NJH6Q, STM32U5A9VJT6Q, STM32U5A9ZJT6Q, STM32U5A9ZJY6QTR, STM32U5F7VIT6, STM32U5F7VIT6Q, STM32U5F7VJT6, STM32U5F7VJT6Q, STM32U5F9BJY6QTR, STM32U5F9NJH6Q, STM32U5F9VIT6Q, STM32U5F9VJT6Q, STM32U5F9ZIJ6QTR, STM32U5F9ZIT6Q, STM32U5F9ZJJ6QTR, STM32U5F9ZJT6Q, STM32U5G7VJT6, STM32U5G7VJT6Q, STM32U5G9BJY6QTR, STM32U5G9J-DK1, STM32U5G9J-DK2, STM32U5G9NJH6Q, STM32U5G9VJT6Q, STM32U5G9ZJJ6QTR, STM32U5G9ZJT6Q, STM32WB05KZV6TR, STM32WB05KZV7TR, STM32WB05TZF6TR, STM32WB05TZF7TR, STM32WB06CCF6TR, STM32WB06CCF7TR, STM32WB06CCV6TR, STM32WB06CCV7TR, STM32WB06KCV6TR, STM32WB06KCV7TR, STM32WB07CCF6TR, STM32WB07CCF7TR, STM32WB07CCV6TR, STM32WB07CCV7TR, STM32WB07KCV6TR, STM32WB07KCV7TR, STM32WB09KEV6TR, STM32WB09KEV7TR, STM32WB09TEF6TR, STM32WB09TEF7TR, STM32WB1MMCH6, STM32WBA50KGU6, STM32WBA50KGU6TR, STM32WBA52CEU6, STM32WBA52CEU6TR, STM32WBA52CEU7, STM32WBA52CEU7TR, STM32WBA52CGU6, STM32WBA52CGU6TR, STM32WBA52CGU6U, STM32WBA52CGU7, STM32WBA52CGU7TR, STM32WBA52KEU6, STM32WBA52KEU6TR, STM32WBA52KGU6, STM32WBA52KGU6TR, STM32WBA54CEU6, STM32WBA54CEU6TR, STM32WBA54CEU7, STM32WBA54CEU7TR, STM32WBA54CGU6, STM32WBA54CGU6TR, STM32WBA54CGU7, STM32WBA54CGU7TR, STM32WBA54KEU6, STM32WBA54KEU6TR, STM32WBA54KEU7, STM32WBA54KEU7TR, STM32WBA54KGU6, STM32WBA54KGU6TR, STM32WBA54KGU7, STM32WBA54KGU7TR, STM32WBA55CEU6, STM32WBA55CEU6TR, STM32WBA55CEU7, STM32WBA55CEU7TR, STM32WBA55CGU6, STM32WBA55CGU6TR, STM32WBA55CGU6U, STM32WBA55CGU7, STM32WBA55CGU7TR, STM32WBA55G-DK1, STM32WBA55HEF6, STM32WBA55HEF7, STM32WBA55HGF6, STM32WBA55HGF7, STM32WBA55UEI6, STM32WBA55UEI6TR, STM32WBA55UEI7, STM32WBA55UEI7TR, STM32WBA55UGI6, STM32WBA55UGI6TR, STM32WBA55UGI7, STM32WBA55UGI7TR, STM32WBA5MMGH6TR, STM32WBA62MGF6, STM32WBA62MIF6, STM32WBA65MGF7, STM32WBA65MIF6, STM32WBA65MIF7, STM32WL30K8V6, STM32WL30KBV6, STM32WL31C8V6, STM32WL31CBV6, STM32WL31K8V6, STM32WL31KBV6, STM32WL33C8V6, STM32WL33C8V6X, STM32WL33CBV6, STM32WL33CBV6X, STM32WL33CCV6, STM32WL33CCV6A, STM32WL33CCV6X, STM32WL33K8V7, STM32WL33K8V7X, STM32WL33KBV7 , STM32WL33KBV7X, STM32WL33KCV7, STM32WL33KCV7X, STM32WL5MOCH6, STM32WL5MOCH6TR]
2025-12-05 11:40:43,058 [INFO] DbMcus:218 - Found 4876 MCUs, 4876 are supported
2025-12-05 11:40:43,060 [INFO] ApiDb:423 - Load user favorites file /home/sunbeam/.stm32cubeide/favorites.mcus.txt: 0 item(s)
2025-12-05 11:40:43,061 [INFO] ApiDb:427 - User favorites MCUs=[]
2025-12-05 11:40:43,061 [INFO] DbMcus:224 - Set 0 / 0 favorites MCUs
2025-12-05 11:40:43,555 [INFO] ApiDb:668 - CubeFinder database Data Model version=2.1
2025-12-05 11:40:43,555 [INFO] ApiDb:669 - CubeFinder database Configuration version=3.0.39
2025-12-05 11:40:43,555 [INFO] ApiDb:670 - CubeFinder database generation date=2025-11-05 (1762334721)
2025-12-05 11:40:43,555 [INFO] ApiDb:671 - CubeFinder database FW Pack versions=[FP-ATR-ASTRA1_V2.0.0, FP-SNS-FLIGHT1_V5.1.0, FP-SNS-MOTENV1_V5.1.0, FP-SNS-MOTENVWB1_V1.4.0, FP-SNS-SMARTAG2_V1.2.0, FP-SNS-STBOX1_V2.1.0, STM32Cube_FW_C0_V1.4.0, STM32Cube_FW_F4_V1.28.3, STM32Cube_FW_F7_V1.17.4, STM32Cube_FW_G0_V1.6.2, STM32Cube_FW_G4_V1.6.1, STM32Cube_FW_H5_V1.5.1, STM32Cube_FW_H7RS_V1.3.0, STM32Cube_FW_H7_V1.12.1, STM32Cube_FW_L0_V1.12.2, STM32Cube_FW_L4_V1.18.1, STM32Cube_FW_L5_V1.6.0, STM32Cube_FW_N6_V1.3.0, STM32Cube_FW_U0_V1.3.0, STM32Cube_FW_U3_V1.2.1, STM32Cube_FW_U5_V1.8.0, STM32Cube_FW_WB0_V1.4.0, STM32Cube_FW_WBA_V1.8.0, STM32Cube_FW_WB_V1.24.0, STM32Cube_FW_WL3_V1.3.0, STM32Cube_FW_WL_V1.4.0, X-CUBE-ALGOBUILD_V1.4.0, X-CUBE-ALS_V1.0.2, X-CUBE-AZRTOS-F4_V1.1.0, X-CUBE-AZRTOS-F7_V1.1.0, X-CUBE-AZRTOS-G0_V1.1.0, X-CUBE-AZRTOS-G4_V2.0.0, X-CUBE-AZRTOS-H7RS_V1.1.0, X-CUBE-AZRTOS-H7_V3.4.0, X-CUBE-AZRTOS-L4_V2.0.0, X-CUBE-AZRTOS-L5_V2.0.0, X-CUBE-AZRTOS-WB_V2.0.0, X-CUBE-AZRTOS-WL_V2.0.0, X-CUBE-BLE1_V7.1.0, X-CUBE-BLE2_V3.3.0, X-CUBE-BLEMGR_V4.1.0, X-CUBE-EEPRMA1_V5.2.0, X-CUBE-FREERTOS_V1.3.1, X-CUBE-GNSS1_V6.0.0, X-CUBE-MEMS1_V11.3.0, X-CUBE-NFC4_V3.0.0, X-CUBE-NFC7_V2.0.0, X-CUBE-SFXS2LP1_V4.0.0, X-CUBE-ST67W61_V1.1.0, X-CUBE-SUBG2_V5.0.0, X-CUBE-TOF1_V3.4.3]
2025-12-05 11:40:43,600 [INFO] DbBoardsSqlite:226 - include board P-NUCLEO-WB55-NUCLEO as a kit item of type 'Nucleo-64'
2025-12-05 11:40:43,600 [INFO] DbBoardsSqlite:226 - include board P-NUCLEO-WB55-USBDONGLE as a kit item of type 'Nucleo USB Dongle'
2025-12-05 11:40:43,600 [INFO] DbBoardsSqlite:226 - include board STEVAL-IDP005V1 as a kit item of type 'Evaluation Board'
2025-12-05 11:40:43,601 [INFO] DbBoardsSqlite:226 - include board STEVAL-IDP005V2 as a kit item of type 'Evaluation Board'
2025-12-05 11:40:43,639 [INFO] ApiDb:240 - Found 880 in-development CPN: [B-G473E-ZEST1S, B-WB1M-WPAN1, B-WBA5M-WPAN, B-WL5M-SUBG1, NUCLEO-C031C6, NUCLEO-C051C8, NUCLEO-C071RB, NUCLEO-C092RC, NUCLEO-H503RB, NUCLEO-H533RE, NUCLEO-H563ZI, NUCLEO-H7S3L8, NUCLEO-N657X0-Q, NUCLEO-U031R8, NUCLEO-U083RC, NUCLEO-U385RG-Q, NUCLEO-U545RE-Q, NUCLEO-U5A5ZJ-Q, NUCLEO-WB05KZ, NUCLEO-WB07CC, NUCLEO-WB09KE, NUCLEO-WBA52CG, NUCLEO-WBA55CG, NUCLEO-WL33CC1, NUCLEO-WL33CC2, STEVAL-PROTEUS1, STEVAL-SMARTAG2, STEVAL-STWINBX1, STM320518-EVAL, STM32C0116-DK, STM32C011D6Y3TR, STM32C011D6Y6TR, STM32C011F4P3, STM32C011F4P6, STM32C011F4U3, STM32C011F4U6TR, STM32C011F6P3, STM32C011F6P6, STM32C011F6U3, STM32C011F6U6TR, STM32C011J4M3, STM32C011J4M6, STM32C011J6M3, STM32C011J6M6, STM32C0316-DK, STM32C031C4T3, STM32C031C4T6, STM32C031C4U3, STM32C031C4U6, STM32C031C6T3, STM32C031C6T6, STM32C031C6U3, STM32C031C6U6, STM32C031F4P3, STM32C031F4P6, STM32C031F6P3, STM32C031F6P6, STM32C031G4U3, STM32C031G4U6, STM32C031G6U3, STM32C031G6U6, STM32C031K4T3, STM32C031K4T6, STM32C031K4U3, STM32C031K4U6, STM32C031K6T3, STM32C031K6T6, STM32C031K6U3, STM32C031K6U6, STM32C051C6T6, STM32C051C6U6, STM32C051C8T6, STM32C051C8U6, STM32C051D8Y6TR, STM32C051F6P6, STM32C051F8P6, STM32C051G6U6, STM32C051G8U6, STM32C051K6T6, STM32C051K6U6, STM32C051K8T6, STM32C071C8T6, STM32C071C8T6N, STM32C071C8U6, STM32C071C8U6N, STM32C071CBT6, STM32C071CBT6N, STM32C071CBU6, STM32C071CBU6N, STM32C071F8P6, STM32C071F8P6N, STM32C071FBP6, STM32C071FBP6N, STM32C071FBY6TR, STM32C071G8U6, STM32C071G8U6N, STM32C071GBU6, STM32C071GBU6N, STM32C071K8T6, STM32C071K8T6N, STM32C071K8U6, STM32C071K8U6N, STM32C071KBT6, STM32C071KBT6N, STM32C071KBU6, STM32C071KBU6N, STM32C071R8T6, STM32C071R8T6N, STM32C071RBI6N, STM32C071RBT6, STM32C071RBT6N, STM32C091CBT6, STM32C091CBU6, STM32C091CCT6, STM32C091CCU6, STM32C091ECY6TR, STM32C091FBP6, STM32C091FCP6, STM32C091GBU6, STM32C091GCU6, STM32C091KBT6, STM32C091KBU6, STM32C091KCT6, STM32C091KCU6, STM32C091RBT6, STM32C091RCI6, STM32C091RCT6, STM32C092CBT6, STM32C092CBU6, STM32C092CCT6, STM32C092CCU6, STM32C092ECY6TR, STM32C092FBP6, STM32C092FCP6, STM32C092GBU6, STM32C092GCU6, STM32C092KBT6, STM32C092KBU6, STM32C092KCT6, STM32C092KCU6, STM32C092RBT6, STM32C092RCI6, STM32C092RCT6, STM32G071K8TXN, STM32G071K8UXN, STM32G081GBU6N, STM32G081KBT6N, STM32G081KBUXN, STM32G0B1CCT6N, STM32G0B1KCT6, STM32G0B1NEY6TR, STM32G0B1RCT6N, STM32G0C1CCT6, STM32G0C1CCT6N, STM32G0C1CCU6N, STM32G0C1CET6N, STM32G0C1CEU6N, STM32G0C1KCT6, STM32G0C1NEY6TR, STM32G0C1RCI6N, STM32G0C1RCT6N, STM32G0C1REI6N, STM32G0C1RET6N, STM32G0C1VCI6, STM32G0C1VEI6, STM32G411C6T3, STM32G411C6T6, STM32G411C6U3, STM32G411C6U6, STM32G411C8T3, STM32G411C8T6, STM32G411C8U3, STM32G411C8U6, STM32G411CBT3, STM32G411CBT6, STM32G411CBU3, STM32G411CBU6, STM32G411K6T3, STM32G411K6T6, STM32G411K6U3, STM32G411K6U6, STM32G411K8T3, STM32G411K8T6, STM32G411K8U3, STM32G411K8U6, STM32G411KBT3, STM32G411KBT6, STM32G411KBU3, STM32G411KBU6, STM32G411M6T3, STM32G411M6T6, STM32G411M8T3, STM32G411M8T6, STM32G411MBT3, STM32G411MBT6, STM32G411R6T3, STM32G411R6T6, STM32G411R8T3, STM32G411R8T6, STM32G411RBT3, STM32G411RBT6, STM32G414CBT3, STM32G414CBT6, STM32G414CBU3, STM32G414CBU6, STM32G414CCT3, STM32G414CCT6, STM32G414CCU3, STM32G414CCU6, STM32G414MBT3, STM32G414MBT6, STM32G414MCT3, STM32G414MCT6, STM32G414RBT3, STM32G414RBT6, STM32G414RCT3, STM32G414RCT6, STM32G414VBT3, STM32G414VBT6, STM32G414VCT3, STM32G414VCT6, STM32G431CBT3Z, STM32G431RBT3Z, STM32G471CCT6, STM32G471CCU6, STM32G471CET3, STM32G471CET6, STM32G471CEU3, STM32G471CEU6, STM32G471MCT6, STM32G471MET3, STM32G471MET6, STM32G471MEY6TR, STM32G471QCT6, STM32G471QET3, STM32G471RCT6, STM32G471RET3, STM32G471RET6, STM32G471VCH6, STM32G471VCI6, STM32G471VCT6, STM32G471VEH3, STM32G471VEH6, STM32G471VEI3, STM32G471VEI6, STM32G471VET3, STM32G471VET6, STM32G473QET3Z, STM32G473RET3Z, STM32G474CCT6, STM32G491RET3Z, STM32H503CBT6, STM32H503CBU6, STM32H503EBY6TR, STM32H503KBU6, STM32H503RBT6, STM32H523CCT6, STM32H523CCU6, STM32H523CET6, STM32H523CEU6, STM32H523HEY6TR, STM32H523RCT6, STM32H523RET6, STM32H523VCI6, STM32H523VCT6, STM32H523VEI6, STM32H523VET6, STM32H523ZCJ6, STM32H523ZCT6, STM32H523ZEJ6, STM32H523ZET6, STM32H533CET6, STM32H533CEU6, STM32H533HEY6TR, STM32H533RET6, STM32H533VEI6, STM32H533VET6, STM32H533ZEJ6, STM32H533ZET6, STM32H562AGI6, STM32H562AII6, STM32H562IGK6, STM32H562IGT6, STM32H562IIK6, STM32H562IIT6, STM32H562RGT6, STM32H562RGV6, STM32H562RIT6, STM32H562RIV6, STM32H562VGT6, STM32H562VIT6, STM32H562ZGT6, STM32H562ZIT6, STM32H563AGI6, STM32H563AII3Q, STM32H563AII6, STM32H563IGK6, STM32H563IGT6, STM32H563IIK3Q, STM32H563IIK6, STM32H563IIT3Q, STM32H563IIT6, STM32H563MIY3QTR, STM32H563RGT6, STM32H563RGV6, STM32H563RIT6, STM32H563RIV6, STM32H563VGT6, STM32H563VIT3Q, STM32H563VIT6, STM32H563ZGT6, STM32H563ZIT3Q, STM32H563ZIT6, STM32H573AII3Q, STM32H573AII6, STM32H573I-DK, STM32H573IIK3Q, STM32H573IIK6, STM32H573IIT3Q, STM32H573IIT6, STM32H573MIY3QTR, STM32H573RIT6, STM32H573RIV6, STM32H573VIT3Q, STM32H573VIT6, STM32H573ZIT3Q, STM32H573ZIT6, STM32H7R3A8I6, STM32H7R3I8K6, STM32H7R3I8T6, STM32H7R3L8H6, STM32H7R3L8H6H, STM32H7R3R8V6, STM32H7R3V8H6, STM32H7R3V8T6, STM32H7R3V8Y6TR, STM32H7R3Z8J6, STM32H7R3Z8T6, STM32H7R7A8I6, STM32H7R7I8K6, STM32H7R7I8T6, STM32H7R7L8H6, STM32H7R7L8H6H, STM32H7R7Z8J6, STM32H7S3A8I6, STM32H7S3I8K6, STM32H7S3I8T6, STM32H7S3L8H6, STM32H7S3L8H6H, STM32H7S3R8V6, STM32H7S3V8H6, STM32H7S3V8T6, STM32H7S3V8Y6TR, STM32H7S3Z8J6, STM32H7S3Z8T6, STM32H7S78-DK, STM32H7S7A8I6, STM32H7S7I8K6, STM32H7S7I8T6, STM32H7S7L8H6, STM32H7S7L8H6H, STM32H7S7Z8J6, STM32L4R5QGI6STR, STM32MP131AAE3, STM32MP131AAF3, STM32MP131AAG3, STM32MP131CAE3, STM32MP131CAF3, STM32MP131CAG3, STM32MP131DAE7, STM32MP131DAF7, STM32MP131DAG7, STM32MP131FAE7, STM32MP131FAF7, STM32MP131FAG7, STM32MP133AAE3, STM32MP133AAF3, STM32MP133AAG3, STM32MP133CAE3, STM32MP133CAF3, STM32MP133CAG3, STM32MP133DAE7, STM32MP133DAF7, STM32MP133DAG7, STM32MP133FAE7, STM32MP133FAF7, STM32MP133FAG7, STM32MP135AAE3, STM32MP135AAF3, STM32MP135AAG3, STM32MP135CAE3, STM32MP135CAF3, STM32MP135CAG3, STM32MP135DAE7, STM32MP135DAF7, STM32MP135DAG7, STM32MP135F-DK, STM32MP135FAE7, STM32MP135FAF7, STM32MP135FAF7T, STM32MP135FAF7U, STM32MP135FAG7, STM32MP211AAL3, STM32MP211AAM3, STM32MP211AAN3, STM32MP211AAO3, STM32MP211CAL3, STM32MP211CAM3, STM32MP211CAN3, STM32MP211CAO3, STM32MP211DAL3, STM32MP211DAM3, STM32MP211DAN3, STM32MP211DAO3, STM32MP211FAL3, STM32MP211FAM3, STM32MP211FAN3, STM32MP211FAO3, STM32MP213AAL3, STM32MP213AAM3, STM32MP213AAN3, STM32MP213AAO3, STM32MP213CAL3, STM32MP213CAM3, STM32MP213CAN3, STM32MP213CAO3, STM32MP213DAL3, STM32MP213DAM3, STM32MP213DAN3, STM32MP213DAO3, STM32MP213FAL3, STM32MP213FAM3, STM32MP213FAN3, STM32MP213FAO3, STM32MP215AAL3, STM32MP215AAM3, STM32MP215AAN3, STM32MP215AAO3, STM32MP215CAL3, STM32MP215CAM3, STM32MP215CAN3, STM32MP215CAO3, STM32MP215DAL3, STM32MP215DAM3, STM32MP215DAN3, STM32MP215DAO3, STM32MP215F-DK, STM32MP215FAL3, STM32MP215FAM3, STM32MP215FAN3, STM32MP215FAO3, STM32MP231AAJ3, STM32MP231AAK3, STM32MP231AAL3, STM32MP231CAJ3, STM32MP231CAK3, STM32MP231CAL3, STM32MP231DAJ3, STM32MP231DAK3, STM32MP231DAL3, STM32MP231FAJ3, STM32MP231FAK3, STM32MP231FAL3, STM32MP233AAJ3, STM32MP233AAK3, STM32MP233AAL3, STM32MP233CAJ3, STM32MP233CAK3, STM32MP233CAL3, STM32MP233DAJ3, STM32MP233DAK3, STM32MP233DAL3, STM32MP233FAJ3, STM32MP233FAK3, STM32MP233FAL3, STM32MP235AAJ3, STM32MP235AAK3, STM32MP235AAL3, STM32MP235CAJ3, STM32MP235CAK3, STM32MP235CAL3, STM32MP235DAJ3, STM32MP235DAK3, STM32MP235DAL3, STM32MP235FAJ3, STM32MP235FAK3, STM32MP235FAL3, STM32MP251AAI3, STM32MP251AAK3, STM32MP251AAL3, STM32MP251CAI3, STM32MP251CAK3, STM32MP251CAL3, STM32MP251DAI3, STM32MP251DAK3, STM32MP251DAL3, STM32MP251FAI3, STM32MP251FAK3, STM32MP251FAL3, STM32MP253AAI3, STM32MP253AAK3, STM32MP253AAL3, STM32MP253CAI3, STM32MP253CAK3, STM32MP253CAL3, STM32MP253DAI3, STM32MP253DAK3, STM32MP253DAL3, STM32MP253FAI3, STM32MP253FAK3, STM32MP253FAL3, STM32MP255AAI3, STM32MP255AAK3, STM32MP255AAL3, STM32MP255CAI3, STM32MP255CAK3, STM32MP255CAL3, STM32MP255DAI3, STM32MP255DAK3, STM32MP255DAL3, STM32MP255FAI3, STM32MP255FAK3, STM32MP255FAL3, STM32MP257AAI3, STM32MP257AAK3, STM32MP257AAL3, STM32MP257CAI3, STM32MP257CAK3, STM32MP257CAL3, STM32MP257DAI3, STM32MP257DAK3, STM32MP257DAL3, STM32MP257F-DK, STM32MP257F-EV1, STM32MP257FAI3, STM32MP257FAK3, STM32MP257FAL3, STM32N645A0H3Q, STM32N645B0H3Q, STM32N645I0H3Q, STM32N645L0H3Q, STM32N645X0H3Q, STM32N645Z0H3Q, STM32N647A0H3Q, STM32N647B0H3Q, STM32N647I0H3Q, STM32N647L0H3Q, STM32N647X0H3Q, STM32N647Z0H3Q, STM32N655A0H3Q, STM32N655B0H3Q, STM32N655I0H3Q, STM32N655L0H3Q, STM32N655X0H3Q, STM32N655Z0H3Q, STM32N6570-DK, STM32N657A0H3Q, STM32N657B0H3Q, STM32N657I0H3Q, STM32N657L0H3Q, STM32N657X0H3Q, STM32N657Z0H3Q, STM32U031C6T6, STM32U031C6U6, STM32U031C8T6, STM32U031C8U6, STM32U031F4P6, STM32U031F6P6, STM32U031F8P6, STM32U031G6Y6TR, STM32U031G8Y6TR, STM32U031K4U6, STM32U031K6U6, STM32U031K8U6, STM32U031R6I6, STM32U031R6T6, STM32U031R8I6, STM32U031R8T6, STM32U073C8T6, STM32U073C8U6, STM32U073CBT6, STM32U073CBU6, STM32U073CCT6, STM32U073CCU6, STM32U073H8Y6TR, STM32U073HBY6TR, STM32U073HCY6TR, STM32U073K8U6, STM32U073KBU6, STM32U073KCU6, STM32U073M8I6, STM32U073M8T6, STM32U073MBI6, STM32U073MBT6, STM32U073MCI6, STM32U073MCT6, STM32U073R8I6, STM32U073R8T6, STM32U073RBI6, STM32U073RBT6, STM32U073RCI6, STM32U073RCT6, STM32U083C-DK, STM32U083CCT6, STM32U083CCU6, STM32U083HCY6TR, STM32U083KCU6, STM32U083MCI6, STM32U083MCT6, STM32U083RCI6, STM32U083RCT6, STM32U375CET6, STM32U375CET6Q, STM32U375CEU6, STM32U375CEU6Q, STM32U375CEY6QTR, STM32U375CGT6, STM32U375CGT6Q, STM32U375CGU6, STM32U375CGU6Q, STM32U375CGY6QTR, STM32U375KEU6, STM32U375KGU6, STM32U375REI6, STM32U375REI6Q, STM32U375RET6, STM32U375RET6Q, STM32U375REY6GTR, STM32U375REY6QTR, STM32U375RGI6, STM32U375RGI6Q, STM32U375RGT6, STM32U375RGT6Q, STM32U375RGY6GTR, STM32U375RGY6QTR, STM32U375VEI6, STM32U375VEI6Q, STM32U375VET6, STM32U375VET6Q, STM32U375VGI6, STM32U375VGI6Q, STM32U375VGT6, STM32U375VGT6Q, STM32U385CGT6, STM32U385CGT6Q, STM32U385CGU6, STM32U385CGU6Q, STM32U385CGY6QTR, STM32U385KGU6, STM32U385RGI6, STM32U385RGI6Q, STM32U385RGT6, STM32U385RGT6Q, STM32U385RGY6GTR, STM32U385RGY6QTR, STM32U385VGI6, STM32U385VGI6Q, STM32U385VGT6, STM32U385VGT6Q, STM32U535CBT6, STM32U535CBT6Q, STM32U535CBU6, STM32U535CBU6Q, STM32U535CCT6, STM32U535CCT6Q, STM32U535CCU6, STM32U535CCU6Q, STM32U535CET6, STM32U535CET6Q, STM32U535CEU6, STM32U535CEU6Q, STM32U535JEY6QTR, STM32U535NCY6QTR, STM32U535NEY6QTR, STM32U535RBI6, STM32U535RBI6Q, STM32U535RBT6, STM32U535RBT6Q, STM32U535RCI6, STM32U535RCI6Q, STM32U535RCT6, STM32U535RCT6Q, STM32U535REI6, STM32U535REI6Q, STM32U535RET6, STM32U535RET6Q, STM32U535VCI6, STM32U535VCI6Q, STM32U535VCT6, STM32U535VCT6Q, STM32U535VEI6, STM32U535VEI6Q, STM32U535VET6, STM32U535VET6Q, STM32U545CET6, STM32U545CET6Q, STM32U545CEU6, STM32U545CEU6Q, STM32U545JEY6QTR, STM32U545NEY6QTR, STM32U545REI6, STM32U545REI6Q, STM32U545RET6, STM32U545RET6Q, STM32U545VEI6, STM32U545VEI6Q, STM32U545VET6, STM32U545VET6Q, STM32U595AIH6, STM32U595AIH6Q, STM32U595AJH6, STM32U595AJH6Q, STM32U595QII6, STM32U595QII6Q, STM32U595QJI6, STM32U595QJI6Q, STM32U595RIT6, STM32U595RIT6Q, STM32U595RJT6, STM32U595RJT6Q, STM32U595VIT6, STM32U595VIT6Q, STM32U595VJT6, STM32U595VJT6Q, STM32U595ZIT6, STM32U595ZIT6Q, STM32U595ZIY6QTR, STM32U595ZJT6, STM32U595ZJT6Q, STM32U595ZJY6QTR, STM32U599BJY6QTR, STM32U599NIH6Q, STM32U599NJH6Q, STM32U599VIT6Q, STM32U599VJT6, STM32U599VJT6Q, STM32U599ZIT6Q, STM32U599ZIY6QTR, STM32U599ZJT6Q, STM32U599ZJY6QTR, STM32U5A5AJH6, STM32U5A5AJH6Q, STM32U5A5QII3Q , STM32U5A5QJI6, STM32U5A5QJI6Q, STM32U5A5RJT6, STM32U5A5RJT6Q, STM32U5A5VJT6, STM32U5A5VJT6Q, STM32U5A5ZJT6, STM32U5A5ZJT6Q, STM32U5A5ZJY6QTR, STM32U5A9BJY6QTR, STM32U5A9J-DK, STM32U5A9NJH6Q, STM32U5A9VJT6Q, STM32U5A9ZJT6Q, STM32U5A9ZJY6QTR, STM32U5F7VIT6, STM32U5F7VIT6Q, STM32U5F7VJT6, STM32U5F7VJT6Q, STM32U5F9BJY6QTR, STM32U5F9NJH6Q, STM32U5F9VIT6Q, STM32U5F9VJT6Q, STM32U5F9ZIJ6QTR, STM32U5F9ZIT6Q, STM32U5F9ZJJ6QTR, STM32U5F9ZJT6Q, STM32U5G7VJT6, STM32U5G7VJT6Q, STM32U5G9BJY6QTR, STM32U5G9J-DK1, STM32U5G9J-DK2, STM32U5G9NJH6Q, STM32U5G9VJT6Q, STM32U5G9ZJJ6QTR, STM32U5G9ZJT6Q, STM32WB05KZV6TR, STM32WB05KZV7TR, STM32WB05TZF6TR, STM32WB05TZF7TR, STM32WB06CCF6TR, STM32WB06CCF7TR, STM32WB06CCV6TR, STM32WB06CCV7TR, STM32WB06KCV6TR, STM32WB06KCV7TR, STM32WB07CCF6TR, STM32WB07CCF7TR, STM32WB07CCV6TR, STM32WB07CCV7TR, STM32WB07KCV6TR, STM32WB07KCV7TR, STM32WB09KEV6TR, STM32WB09KEV7TR, STM32WB09TEF6TR, STM32WB09TEF7TR, STM32WB1MMCH6, STM32WBA50KGU6, STM32WBA50KGU6TR, STM32WBA52CEU6, STM32WBA52CEU6TR, STM32WBA52CEU7, STM32WBA52CEU7TR, STM32WBA52CGU6, STM32WBA52CGU6TR, STM32WBA52CGU6U, STM32WBA52CGU7, STM32WBA52CGU7TR, STM32WBA52KEU6, STM32WBA52KEU6TR, STM32WBA52KGU6, STM32WBA52KGU6TR, STM32WBA54CEU6, STM32WBA54CEU6TR, STM32WBA54CEU7, STM32WBA54CEU7TR, STM32WBA54CGU6, STM32WBA54CGU6TR, STM32WBA54CGU7, STM32WBA54CGU7TR, STM32WBA54KEU6, STM32WBA54KEU6TR, STM32WBA54KEU7, STM32WBA54KEU7TR, STM32WBA54KGU6, STM32WBA54KGU6TR, STM32WBA54KGU7, STM32WBA54KGU7TR, STM32WBA55CEU6, STM32WBA55CEU6TR, STM32WBA55CEU7, STM32WBA55CEU7TR, STM32WBA55CGU6, STM32WBA55CGU6TR, STM32WBA55CGU6U, STM32WBA55CGU7, STM32WBA55CGU7TR, STM32WBA55G-DK1, STM32WBA55HEF6, STM32WBA55HEF7, STM32WBA55HGF6, STM32WBA55HGF7, STM32WBA55UEI6, STM32WBA55UEI6TR, STM32WBA55UEI7, STM32WBA55UEI7TR, STM32WBA55UGI6, STM32WBA55UGI6TR, STM32WBA55UGI7, STM32WBA55UGI7TR, STM32WBA5MMGH6TR, STM32WBA62MGF6, STM32WBA62MIF6, STM32WBA65MGF7, STM32WBA65MIF6, STM32WBA65MIF7, STM32WL30K8V6, STM32WL30KBV6, STM32WL31C8V6, STM32WL31CBV6, STM32WL31K8V6, STM32WL31KBV6, STM32WL33C8V6, STM32WL33C8V6X, STM32WL33CBV6, STM32WL33CBV6X, STM32WL33CCV6, STM32WL33CCV6A, STM32WL33CCV6X, STM32WL33K8V7, STM32WL33K8V7X, STM32WL33KBV7 , STM32WL33KBV7X, STM32WL33KCV7, STM32WL33KCV7X, STM32WL5MOCH6, STM32WL5MOCH6TR]
2025-12-05 11:40:43,754 [INFO] BoardInfo:889 - No configuration file found for board P-NUCLEO-WB55
2025-12-05 11:40:43,754 [INFO] DbBoards:161 - Kit is not supported: P-NUCLEO-WB55
2025-12-05 11:40:43,758 [INFO] BoardInfo:889 - No configuration file found for board STEVAL-BFA001V1B
2025-12-05 11:40:43,758 [INFO] DbBoards:161 - Kit is not supported: STEVAL-BFA001V1B
2025-12-05 11:40:43,759 [INFO] BoardInfo:889 - No configuration file found for board STEVAL-BFA001V2B
2025-12-05 11:40:43,759 [INFO] DbBoards:161 - Kit is not supported: STEVAL-BFA001V2B
2025-12-05 11:40:43,864 [INFO] DbBoards:168 - Found 212 boards, 209 are supported
2025-12-05 11:40:43,864 [INFO] DbBoards:169 - Found 212 boards, 43 of them is supported for  Bsp
2025-12-05 11:40:43,873 [INFO] ApiDb:423 - Load user favorites file /home/sunbeam/.stm32cubeide/favorites.boards.txt: 1 item(s)
2025-12-05 11:40:43,873 [INFO] ApiDb:427 - User favorites Boards=[STM32F407G-DISC1]
2025-12-05 11:40:43,873 [INFO] DbBoards:198 - Set 1 / 1 favorites Boards
2025-12-05 11:40:43,873 [INFO] McuFinderGlobals:76 - Set McuFinderConnectedMode to true
2025-12-05 11:40:43,882 [INFO] MultiScanPanel:200 - Auto-refresh data requested => check proxy status ongoing
2025-12-05 11:40:43,886 [INFO] FinderPluginLoader:96 - Searching for filters in installed packs
2025-12-05 11:40:45,487 [INFO] LoadUrlFilesThread:185 - End of LoadServerUrlFiles without Thread
2025-12-05 11:40:45,498 [INFO] DetailPanel:341 - Set advertising image to /home/sunbeam/STM32Cube/Repository//en.mcu-finder-preevent.jpg
2025-12-05 11:40:48,398 [INFO] MultiScanPanel:200 - Auto-refresh data requested => check proxy status ongoing
2025-12-05 11:40:48,555 [INFO] LoadUrlFilesThread:185 - End of LoadServerUrlFiles without Thread
2025-12-05 11:40:48,555 [INFO] DetailPanel:341 - Set advertising image to /home/sunbeam/STM32Cube/Repository//en.mcu-finder-preevent.jpg
2025-12-05 11:40:48,570 [INFO] DbBoards:642 - Loading board mini-images...
2025-12-05 11:40:50,575 [ERROR] DbBoards:659 - Image file not found for board STM32MP215F-DK: /home/sunbeam/.stmcufinder/plugins/mcufinder//mcu//boards_images/STM32MP215F-DK.jpg
2025-12-05 11:40:50,682 [INFO] DbBoards:665 - Loaded 211 board mini-images
2025-12-05 11:42:03,286 [INFO] McuFinderGlobals:76 - Set McuFinderConnectedMode to true
2025-12-05 11:42:03,290 [INFO] ApiDb:448 - Save user favorites file /home/sunbeam/.stm32cubeide/favorites.mcus.txt: 0 item(s)
2025-12-05 11:42:03,291 [INFO] ApiDb:452 - User favorites MCUs=[]
2025-12-05 11:42:03,297 [INFO] ApiDb:448 - Save user favorites file /home/sunbeam/.stm32cubeide/favorites.boards.txt: 1 item(s)
2025-12-05 11:42:03,297 [INFO] ApiDb:452 - User favorites Boards=[STM32F407G-DISC1]
2025-12-05 11:58:57,398 [ERROR] ConfigurationRetriever:142 - IOException on connection: Read timed out
2025-12-05 11:58:59,668 [ERROR] ConfigurationRetriever:142 - IOException on connection: Read timed out
2025-12-05 11:59:01,921 [ERROR] ConfigurationRetriever:142 - IOException on connection: Read timed out
2025-12-05 21:10:24,718 [INFO] Activator:176 - 


2025-12-05 21:10:24,720 [INFO] Activator:177 - !SESSION log4j initialized
2025-12-05 21:10:27,279 [INFO] LogOutputStream:77 - [STDOUT_REDIRECT] 
2025-12-05 21:10:29,770 [INFO] ApplicationProperties:184 - Using Application install path: /opt/st/stm32cubeide_1.19.0/plugins/com.st.stm32cube.common.mx_6.15.0.202507011659
2025-12-05 21:10:29,784 [INFO] DbMcusXml:78 - Set database path to: /opt/st/stm32cubeide_1.19.0/plugins/com.st.stm32cube.common.mx_6.15.0.202507011659//db//mcu/
2025-12-05 21:10:29,784 [INFO] ApiDb:274 - Set plugin database path to: /opt/st/stm32cubeide_1.19.0/plugins/com.st.stm32cube.common.mx_6.15.0.202507011659//db//plugins/boardmanager/
2025-12-05 21:10:29,784 [WARN] ApiDb:259 - Overriding images path with different value:  => /opt/st/stm32cubeide_1.19.0/plugins/com.st.stm32cube.common.mx_6.15.0.202507011659//db//plugins/mcufinder/images/
2025-12-05 21:10:29,791 [INFO] ApiDb:250 - Set database path to: /home/sunbeam/.stmcufinder/plugins/mcufinder//mcu/
2025-12-05 21:10:29,792 [INFO] DbMcusAds:125 - Set database path to: /home/sunbeam/.stmcufinder/plugins/mcufinder//mcu/
2025-12-05 21:10:30,039 [INFO] CrossReferenceDbSqlite:203 - Set database path to: /home/sunbeam/.stmcufinder/plugins/mcufinder//mcu/cs/
2025-12-05 21:10:30,148 [INFO] RulesReader:64 - Compatibility file has been processed (317 Rules)
2025-12-05 21:10:30,197 [INFO] DbMcusXml:78 - Set database path to: /opt/st/stm32cubeide_1.19.0/plugins/com.st.stm32cube.common.mx_6.15.0.202507011659//db//mcu/
2025-12-05 21:10:30,197 [INFO] ApiDb:274 - Set plugin database path to: /opt/st/stm32cubeide_1.19.0/plugins/com.st.stm32cube.common.mx_6.15.0.202507011659//db//plugins/boardmanager/
2025-12-05 21:10:30,197 [INFO] ApiDb:261 - Set plugin images path to: /opt/st/stm32cubeide_1.19.0/plugins/com.st.stm32cube.common.mx_6.15.0.202507011659//db//plugins/mcufinder/images/
2025-12-05 21:10:30,197 [WARN] DbFile:41 - Overriding database path with different value: /home/sunbeam/.stmcufinder/plugins/mcufinder/ => /home/sunbeam/.stmcufinder/plugins/mcufinder
2025-12-05 21:10:30,197 [INFO] ApiDb:250 - Set database path to: /home/sunbeam/.stmcufinder/plugins/mcufinder//mcu/
2025-12-05 21:10:30,197 [WARN] DbFile:41 - Overriding database path with different value: /home/sunbeam/.stmcufinder/plugins/mcufinder/ => /home/sunbeam/.stmcufinder/plugins/mcufinder
2025-12-05 21:10:30,197 [INFO] DbMcusAds:125 - Set database path to: /home/sunbeam/.stmcufinder/plugins/mcufinder//mcu/
2025-12-05 21:10:30,197 [WARN] DbFile:41 - Overriding database path with different value: /home/sunbeam/.stmcufinder/plugins/mcufinder/ => /home/sunbeam/.stmcufinder/plugins/mcufinder
2025-12-05 21:10:30,198 [WARN] DbFile:41 - Overriding database path with different value: /home/sunbeam/.stmcufinder/plugins/mcufinder/ => /home/sunbeam/.stmcufinder/plugins/mcufinder
2025-12-05 21:10:30,449 [INFO] CrossReferenceDbSqlite:203 - Set database path to: /home/sunbeam/.stmcufinder/plugins/mcufinder//mcu/cs/
2025-12-05 21:10:30,522 [INFO] MainPanel:274 - HeapMemory: 268435456
2025-12-05 21:10:30,643 [INFO] DbMcusXml:78 - Set database path to: /opt/st/stm32cubeide_1.19.0/plugins/com.st.stm32cube.common.mx_6.15.0.202507011659//db//mcu/
2025-12-05 21:10:30,644 [INFO] ApiDb:274 - Set plugin database path to: /opt/st/stm32cubeide_1.19.0/plugins/com.st.stm32cube.common.mx_6.15.0.202507011659//db//plugins/boardmanager/
2025-12-05 21:10:30,644 [INFO] ApiDb:261 - Set plugin images path to: /opt/st/stm32cubeide_1.19.0/plugins/com.st.stm32cube.common.mx_6.15.0.202507011659//db//plugins/mcufinder/images/
2025-12-05 21:10:30,644 [WARN] DbFile:41 - Overriding database path with different value: /home/sunbeam/.stmcufinder/plugins/mcufinder/ => /home/sunbeam/.stmcufinder/plugins/mcufinder
2025-12-05 21:10:30,644 [INFO] ApiDb:250 - Set database path to: /home/sunbeam/.stmcufinder/plugins/mcufinder//mcu/
2025-12-05 21:10:30,644 [WARN] DbFile:41 - Overriding database path with different value: /home/sunbeam/.stmcufinder/plugins/mcufinder/ => /home/sunbeam/.stmcufinder/plugins/mcufinder
2025-12-05 21:10:30,644 [INFO] DbMcusAds:125 - Set database path to: /home/sunbeam/.stmcufinder/plugins/mcufinder//mcu/
2025-12-05 21:10:30,644 [WARN] DbFile:41 - Overriding database path with different value: /home/sunbeam/.stmcufinder/plugins/mcufinder/ => /home/sunbeam/.stmcufinder/plugins/mcufinder
2025-12-05 21:10:30,644 [WARN] DbFile:41 - Overriding database path with different value: /home/sunbeam/.stmcufinder/plugins/mcufinder/ => /home/sunbeam/.stmcufinder/plugins/mcufinder
2025-12-05 21:10:30,859 [INFO] CrossReferenceDbSqlite:203 - Set database path to: /home/sunbeam/.stmcufinder/plugins/mcufinder//mcu/cs/
2025-12-05 21:10:30,880 [INFO] ApplicationProperties:184 - Using Application install path: /opt/st/stm32cubeide_1.19.0/plugins/com.st.stm32cube.common.mx_6.15.0.202507011659
2025-12-05 21:10:30,882 [INFO] PluginManage:196 - Search for loadable plugins [exclusion list=, ]
2025-12-05 21:10:30,883 [INFO] PluginManage:310 - Check plugin analytics
2025-12-05 21:10:31,241 [INFO] AnalyticsPlugin:253 - Accepted Software Licenses: 
2025-12-05 21:10:31,241 [INFO] AnalyticsPlugin:255 - Accepted CMSIS Pack Licenses: 
2025-12-05 21:10:31,241 [INFO] AnalyticsPlugin:257 - Accepted Firmware Licenses: FW.F4.1.28.0
2025-12-05 21:10:31,243 [INFO] PluginManage:359 - Loaded plugin analytics (category:tool,tabindex:-1)
2025-12-05 21:10:31,244 [INFO] PluginManage:310 - Check plugin cadmodel
2025-12-05 21:10:31,248 [INFO] CADModel:105 - Init CAD model plugin
2025-12-05 21:10:31,249 [INFO] PluginManage:359 - Loaded plugin cadmodel (category:power,tabindex:5)
2025-12-05 21:10:31,249 [INFO] PluginManage:310 - Check plugin clock
2025-12-05 21:10:31,256 [INFO] PluginManage:359 - Loaded plugin clock (category:base,tabindex:2)
2025-12-05 21:10:31,257 [INFO] PluginManage:310 - Check plugin ddr
2025-12-05 21:10:31,259 [INFO] PluginManage:359 - Loaded plugin ddr (category:tool,tabindex:6)
2025-12-05 21:10:31,259 [INFO] PluginManage:310 - Check plugin filemanager
2025-12-05 21:10:31,369 [INFO] PluginManage:359 - Loaded plugin filemanager (category:base,tabindex:10)
2025-12-05 21:10:31,369 [INFO] PluginManage:310 - Check plugin ipmanager
2025-12-05 21:10:31,374 [INFO] PluginManage:359 - Loaded plugin ipmanager (category:base,tabindex:5)
2025-12-05 21:10:31,374 [INFO] PluginManage:310 - Check plugin lpbam
2025-12-05 21:10:31,381 [INFO] PluginManage:359 - Loaded plugin lpbam (category:base,tabindex:0)
2025-12-05 21:10:31,381 [INFO] PluginManage:310 - Check plugin memorymap
2025-12-05 21:10:31,393 [INFO] PluginManage:359 - Loaded plugin memorymap (category:base,tabindex:4)
2025-12-05 21:10:31,393 [INFO] PluginManage:310 - Check plugin pinoutandconfiguration
2025-12-05 21:10:31,400 [INFO] PluginManage:359 - Loaded plugin pinoutandconfiguration (category:base,tabindex:1)
2025-12-05 21:10:31,400 [INFO] PluginManage:310 - Check plugin pinoutconfig
2025-12-05 21:10:31,466 [WARN] SupportedApi:132 - Cannot load RTOS API schema: s4s-elt-must-match.1: The content of 'definitions' must match (annotation?, (simpleType | complexType)?, (unique | key | keyref)*)). A problem was found starting at: attribute.
2025-12-05 21:10:31,591 [INFO] PluginManage:359 - Loaded plugin pinoutconfig (category:base,tabindex:0)
2025-12-05 21:10:31,591 [INFO] PluginManage:310 - Check plugin power
2025-12-05 21:10:31,600 [INFO] PluginManage:359 - Loaded plugin power (category:power,tabindex:4)
2025-12-05 21:10:31,600 [INFO] PluginManage:310 - Check plugin projectmanager
2025-12-05 21:10:31,614 [INFO] PluginManage:359 - Loaded plugin projectmanager (category:projectmanager,tabindex:4)
2025-12-05 21:10:31,614 [INFO] PluginManage:310 - Check plugin rif
2025-12-05 21:10:31,622 [INFO] PluginManage:359 - Loaded plugin rif (category:base,tabindex:3)
2025-12-05 21:10:31,622 [INFO] PluginManage:310 - Check plugin thirdparty
2025-12-05 21:10:31,730 [INFO] PluginManage:359 - Loaded plugin thirdparty (category:base,tabindex:-1)
2025-12-05 21:10:31,730 [WARN] IntegrityCheckThread:84 - waiting for thirdparty lock release [integrity check]
2025-12-05 21:10:31,730 [INFO] IntegrityCheckThread:86 - entering critical section [integrity check]
2025-12-05 21:10:31,730 [INFO] PluginManage:310 - Check plugin tools
2025-12-05 21:10:31,731 [INFO] ThirdPartyUpdaterWithRetryManager:70 - Updater plugin not ready yet. [1/15]
2025-12-05 21:10:31,733 [INFO] PluginManage:359 - Loaded plugin tools (category:base,tabindex:7)
2025-12-05 21:10:31,733 [INFO] PluginManage:310 - Check plugin tutovideos
2025-12-05 21:10:31,886 [INFO] PluginManage:359 - Loaded plugin tutovideos (category:base,tabindex:-1)
2025-12-05 21:10:31,886 [INFO] PluginManage:310 - Check plugin updater
2025-12-05 21:10:31,905 [INFO] PluginManage:359 - Loaded plugin updater (category:base,tabindex:12)
2025-12-05 21:10:31,905 [INFO] PluginManage:310 - Check plugin userauth
2025-12-05 21:10:31,908 [INFO] UserAuth:118 - Init User Auth plugin
2025-12-05 21:10:31,909 [INFO] PluginManage:359 - Loaded plugin userauth (category:base,tabindex:14)
2025-12-05 21:10:31,909 [INFO] PluginManage:283 - PluginManage : Loaded plugins [18]
2025-12-05 21:10:32,051 [INFO] PinOutPanel:1589 - setPackage(No Configuration,No Configuration)
2025-12-05 21:10:32,111 [INFO] CADModel:165 - CPN selected for project level
2025-12-05 21:10:32,111 [INFO] CADModel:114 - Register for checkConnection events
2025-12-05 21:10:32,119 [INFO] IPUIPlugin:80 - create IPUIPlugin
2025-12-05 21:10:32,120 [INFO] PluginManager:220 - loadIPPluginJar : add dfsdm
2025-12-05 21:10:32,124 [INFO] IPUIPlugin:80 - create IPUIPlugin
2025-12-05 21:10:32,124 [INFO] PluginManager:220 - loadIPPluginJar : add gfxmmu
2025-12-05 21:10:32,126 [INFO] IPUIPlugin:80 - create IPUIPlugin
2025-12-05 21:10:32,126 [INFO] PluginManager:220 - loadIPPluginJar : add i3c
2025-12-05 21:10:32,128 [INFO] IPUIPlugin:80 - create IPUIPlugin
2025-12-05 21:10:32,129 [INFO] PluginManager:220 - loadIPPluginJar : add sai
2025-12-05 21:10:32,133 [INFO] IPUIPlugin:80 - create IPUIPlugin
2025-12-05 21:10:32,134 [INFO] PluginManager:220 - loadIPPluginJar : add dma
2025-12-05 21:10:32,135 [INFO] IPUIPlugin:80 - create IPUIPlugin
2025-12-05 21:10:32,135 [INFO] PluginManager:220 - loadIPPluginJar : add quadspi
2025-12-05 21:10:32,138 [INFO] IPUIPlugin:80 - create IPUIPlugin
2025-12-05 21:10:32,138 [INFO] PluginManager:220 - loadIPPluginJar : add opamp
2025-12-05 21:10:32,139 [INFO] IPUIPlugin:80 - create IPUIPlugin
2025-12-05 21:10:32,140 [INFO] PluginManager:220 - loadIPPluginJar : add comp
2025-12-05 21:10:32,144 [INFO] IPUIPlugin:80 - create IPUIPlugin
2025-12-05 21:10:32,146 [INFO] PluginManager:220 - loadIPPluginJar : add plateformsettings
2025-12-05 21:10:32,147 [INFO] IPUIPlugin:80 - create IPUIPlugin
2025-12-05 21:10:32,148 [INFO] PluginManager:220 - loadIPPluginJar : add ltdc
2025-12-05 21:10:32,151 [INFO] IPUIPlugin:80 - create IPUIPlugin
2025-12-05 21:10:32,151 [INFO] PluginManager:220 - loadIPPluginJar : add nvic
2025-12-05 21:10:32,152 [INFO] IPUIPlugin:80 - create IPUIPlugin
2025-12-05 21:10:32,152 [INFO] PluginManager:220 - loadIPPluginJar : add fatfs
2025-12-05 21:10:32,156 [INFO] IPUIPlugin:80 - create IPUIPlugin
2025-12-05 21:10:32,156 [INFO] PluginManager:220 - loadIPPluginJar : add gpio
2025-12-05 21:10:32,158 [INFO] IPUIPlugin:80 - create IPUIPlugin
2025-12-05 21:10:32,158 [INFO] PluginManager:220 - loadIPPluginJar : add aes
2025-12-05 21:10:32,162 [INFO] IPUIPlugin:80 - create IPUIPlugin
2025-12-05 21:10:32,162 [INFO] PluginManager:220 - loadIPPluginJar : add mdma
2025-12-05 21:10:32,164 [INFO] IPUIPlugin:80 - create IPUIPlugin
2025-12-05 21:10:32,165 [INFO] PluginManager:220 - loadIPPluginJar : add pdm2pcm
2025-12-05 21:10:32,171 [INFO] IPUIPlugin:80 - create IPUIPlugin
2025-12-05 21:10:32,171 [INFO] PluginManager:220 - loadIPPluginJar : add linkedlist
2025-12-05 21:10:32,173 [INFO] IPUIPlugin:80 - create IPUIPlugin
2025-12-05 21:10:32,173 [INFO] PluginManager:220 - loadIPPluginJar : add usart
2025-12-05 21:10:32,175 [INFO] IPUIPlugin:80 - create IPUIPlugin
2025-12-05 21:10:32,175 [INFO] PluginManager:220 - loadIPPluginJar : add i2c
2025-12-05 21:10:32,177 [INFO] IPUIPlugin:80 - create IPUIPlugin
2025-12-05 21:10:32,177 [INFO] PluginManager:220 - loadIPPluginJar : add lorawan
2025-12-05 21:10:32,179 [INFO] IPUIPlugin:80 - create IPUIPlugin
2025-12-05 21:10:32,179 [INFO] PluginManager:220 - loadIPPluginJar : add usbx
2025-12-05 21:10:32,183 [INFO] IPUIPlugin:80 - create IPUIPlugin
2025-12-05 21:10:32,183 [INFO] PluginManager:220 - loadIPPluginJar : add fmc
2025-12-05 21:10:32,185 [INFO] IPUIPlugin:80 - create IPUIPlugin
2025-12-05 21:10:32,185 [INFO] PluginManager:220 - loadIPPluginJar : add extmemmanager
2025-12-05 21:10:32,190 [INFO] IPUIPlugin:80 - create IPUIPlugin
2025-12-05 21:10:32,191 [INFO] PluginManager:220 - loadIPPluginJar : add freertos
2025-12-05 21:10:32,193 [INFO] IPUIPlugin:80 - create IPUIPlugin
2025-12-05 21:10:32,194 [INFO] PluginManager:220 - loadIPPluginJar : add can
2025-12-05 21:10:32,196 [INFO] IPUIPlugin:80 - create IPUIPlugin
2025-12-05 21:10:32,196 [INFO] PluginManager:220 - loadIPPluginJar : add touchsensing
2025-12-05 21:10:32,198 [INFO] IPUIPlugin:80 - create IPUIPlugin
2025-12-05 21:10:32,198 [INFO] PluginManager:220 - loadIPPluginJar : add tracer_emb
2025-12-05 21:10:32,199 [INFO] IPUIPlugin:80 - create IPUIPlugin
2025-12-05 21:10:32,199 [INFO] PluginManager:220 - loadIPPluginJar : add ucpd
2025-12-05 21:10:32,201 [INFO] IPUIPlugin:80 - create IPUIPlugin
2025-12-05 21:10:32,201 [INFO] PluginManager:220 - loadIPPluginJar : add ts
2025-12-05 21:10:32,202 [INFO] IPUIPlugin:80 - create IPUIPlugin
2025-12-05 21:10:32,202 [INFO] PluginManager:220 - loadIPPluginJar : add tsc
2025-12-05 21:10:32,204 [INFO] IPUIPlugin:80 - create IPUIPlugin
2025-12-05 21:10:32,205 [INFO] PluginManager:220 - loadIPPluginJar : add resmgrutility
2025-12-05 21:10:32,206 [INFO] IPUIPlugin:80 - create IPUIPlugin
2025-12-05 21:10:32,206 [INFO] PluginManager:220 - loadIPPluginJar : add cryp
2025-12-05 21:10:32,209 [INFO] IPUIPlugin:80 - create IPUIPlugin
2025-12-05 21:10:32,209 [INFO] PluginManager:220 - loadIPPluginJar : add openamp
2025-12-05 21:10:32,214 [INFO] IPUIPlugin:80 - create IPUIPlugin
2025-12-05 21:10:32,214 [INFO] PluginManager:220 - loadIPPluginJar : add adc
2025-12-05 21:10:32,216 [INFO] IPUIPlugin:80 - create IPUIPlugin
2025-12-05 21:10:32,216 [INFO] PluginManager:220 - loadIPPluginJar : add spi
2025-12-05 21:10:32,219 [INFO] IPUIPlugin:80 - create IPUIPlugin
2025-12-05 21:10:32,219 [INFO] PluginManager:220 - loadIPPluginJar : add ipddr
2025-12-05 21:10:32,224 [INFO] IPUIPlugin:80 - create IPUIPlugin
2025-12-05 21:10:32,225 [INFO] PluginManager:220 - loadIPPluginJar : add stm32_wpan
2025-12-05 21:10:32,229 [INFO] IPUIPlugin:80 - create IPUIPlugin
2025-12-05 21:10:32,229 [INFO] PluginManager:220 - loadIPPluginJar : add gic
2025-12-05 21:10:32,232 [INFO] IPUIPlugin:80 - create IPUIPlugin
2025-12-05 21:10:32,232 [INFO] PluginManager:220 - loadIPPluginJar : add ddr_ctrl_phy
2025-12-05 21:10:32,234 [INFO] IPUIPlugin:80 - create IPUIPlugin
2025-12-05 21:10:32,234 [INFO] PluginManager:220 - loadIPPluginJar : add genericplugin
2025-12-05 21:10:32,236 [INFO] IPUIPlugin:80 - create IPUIPlugin
2025-12-05 21:10:32,236 [INFO] PluginManager:220 - loadIPPluginJar : add hash
2025-12-05 21:10:32,238 [INFO] IPUIPlugin:80 - create IPUIPlugin
2025-12-05 21:10:32,238 [INFO] PluginManager:220 - loadIPPluginJar : add tim
2025-12-05 21:10:32,240 [INFO] IPUIPlugin:80 - create IPUIPlugin
2025-12-05 21:10:32,240 [INFO] PluginManager:220 - loadIPPluginJar : add radio
2025-12-05 21:10:32,243 [INFO] IPUIPlugin:80 - create IPUIPlugin
2025-12-05 21:10:32,243 [INFO] PluginManager:220 - loadIPPluginJar : add gtzc
2025-12-05 21:10:32,245 [INFO] IPUIPlugin:80 - create IPUIPlugin
2025-12-05 21:10:32,245 [INFO] PluginManager:220 - loadIPPluginJar : add i2s
2025-12-05 21:10:32,247 [INFO] IPUIPlugin:80 - create IPUIPlugin
2025-12-05 21:10:32,247 [INFO] PluginManager:220 - loadIPPluginJar : add dma3
2025-12-05 21:10:32,349 [FATAL] Updater:351 - Updater called before beeing initialized
2025-12-05 21:10:32,371 [INFO] RulesReader:64 - Compatibility file has been processed (317 Rules)
2025-12-05 21:10:32,380 [INFO] RulesReader:64 - Compatibility file has been processed (317 Rules)
2025-12-05 21:10:32,385 [INFO] CADModel:165 - CPN selected for project level
2025-12-05 21:10:32,385 [INFO] CADModel:114 - Register for checkConnection events
2025-12-05 21:10:32,385 [FATAL] Updater:351 - Updater called before beeing initialized
2025-12-05 21:10:32,385 [ERROR] CADModel:125 - Updater not yet initialized, retry later 
2025-12-05 21:10:32,484 [FATAL] Updater:351 - Updater called before beeing initialized
2025-12-05 21:10:32,486 [INFO] CADModel:165 - CPN selected for project level
2025-12-05 21:10:32,486 [INFO] CADModel:114 - Register for checkConnection events
2025-12-05 21:10:32,486 [FATAL] Updater:351 - Updater called before beeing initialized
2025-12-05 21:10:32,486 [ERROR] CADModel:125 - Updater not yet initialized, retry later 
2025-12-05 21:10:32,489 [FATAL] Updater:351 - Updater called before beeing initialized
2025-12-05 21:10:32,548 [FATAL] Updater:351 - Updater called before beeing initialized
2025-12-05 21:10:32,551 [INFO] DbMcusAds:53 - JSON generation date=Tue Nov 25 19:38:32 IST 2025 (1764079712835)
2025-12-05 21:10:32,552 [FATAL] Updater:351 - Updater called before beeing initialized
2025-12-05 21:10:32,580 [WARN] DetailPanel:346 - Failed to get advertising image, set to default
2025-12-05 21:10:32,645 [FATAL] Updater:351 - Updater called before beeing initialized
2025-12-05 21:10:32,647 [FATAL] Updater:351 - Updater called before beeing initialized
2025-12-05 21:10:32,647 [FATAL] Updater:351 - Updater called before beeing initialized
2025-12-05 21:10:32,647 [WARN] DetailPanel:346 - Failed to get advertising image, set to default
2025-12-05 21:10:32,648 [FATAL] Updater:351 - Updater called before beeing initialized
2025-12-05 21:10:32,680 [ERROR] Updater:1198 - MainUpdater not yet initialized. External WinMGr cannot be set.
2025-12-05 21:10:32,682 [INFO] Updater:1134 - Updater Version found : 6.15.0
2025-12-05 21:10:32,702 [INFO] ApplicationProperties:184 - Using Application install path: /opt/st/stm32cubeide_1.19.0/plugins/com.st.stm32cube.common.mx_6.15.0.202507011659
2025-12-05 21:10:33,432 [INFO] MainUpdater:2872 - connection check result : 10
2025-12-05 21:10:33,433 [INFO] MainUpdater:289 - Updater Check For Update Now.
2025-12-05 21:10:33,433 [INFO] MicroXplorer:498 - Change Database Version : DB.6.0.150
2025-12-05 21:10:33,443 [INFO] McuFinderGlobals:63 - Set McuFinder mode to 2 (CubeIDE integrated)
2025-12-05 21:10:33,444 [INFO] UserAuth:487 - Internet connection configuration mode: 1
2025-12-05 21:10:33,465 [INFO] JxBrowserEngine:152 - Initiate JxBrowser Engine with user profile folder
2025-12-05 21:10:33,601 [INFO] CheckServerUpdateThread:120 - End of CheckServer Thread
2025-12-05 21:10:34,225 [INFO] WebApp:169 - Instantiating new browser for Auth
2025-12-05 21:10:34,812 [INFO] WebApp:463 - Apply proxy settings
2025-12-05 21:10:34,813 [INFO] WebApp:548 - Chromium requires no authentication
2025-12-05 21:10:34,821 [INFO] WebApp:491 - Direct internet connection detected
2025-12-05 21:10:34,838 [INFO] WebApp:900 - Register for checkConnection events
2025-12-05 21:10:34,839 [INFO] WebApp:463 - Apply proxy settings
2025-12-05 21:10:34,839 [INFO] WebApp:548 - Chromium requires no authentication
2025-12-05 21:10:34,839 [INFO] WebApp:491 - Direct internet connection detected
2025-12-05 21:10:34,872 [WARN] PackLoader:240 - Cannot read IP mode file for STMicroelectronics.FP-SNS-MOTENVWB1.1.4.0
2025-12-05 21:10:34,880 [WARN] PackLoader:240 - Cannot read IP mode file for STMicroelectronics.FP-ATR-ASTRA1.2.0.2
2025-12-05 21:10:34,887 [WARN] PackLoader:240 - Cannot read IP mode file for STMicroelectronics.X-CUBE-SMBUS.2.1.0
2025-12-05 21:10:34,892 [WARN] PackLoader:240 - Cannot read IP mode file for STMicroelectronics.X-CUBE-ST60.1.0.0
2025-12-05 21:10:34,927 [WARN] PackLoader:240 - Cannot read IP mode file for STMicroelectronics.X-CUBE-AZRTOS-F7.1.1.0
2025-12-05 21:10:34,938 [WARN] PackLoader:240 - Cannot read IP mode file for STMicroelectronics.FP-SNS-MOTENV1.5.1.0
2025-12-05 21:10:34,988 [WARN] PackLoader:240 - Cannot read IP mode file for Infineon.AIROC-Wi-Fi-Bluetooth-STM32.1.7.1
2025-12-05 21:10:35,005 [INFO] WebApp:225 - Starting web application
2025-12-05 21:10:35,006 [INFO] WebApp:593 - Web application path used /opt/st/stm32cubeide_1.19.0/plugins/com.st.stm32cube.common.mx_6.15.0.202507011659/db/plugins/mcufinder/reactClient1/index.html
2025-12-05 21:10:35,026 [WARN] PackLoader:240 - Cannot read IP mode file for STMicroelectronics.X-CUBE-AZRTOS-H7.3.4.0
2025-12-05 21:10:35,041 [WARN] PackLoader:240 - Cannot read IP mode file for STMicroelectronics.X-CUBE-DISPLAY.3.0.0
2025-12-05 21:10:35,057 [WARN] PackLoader:240 - Cannot read IP mode file for STMicroelectronics.X-CUBE-NFC10.1.0.0
2025-12-05 21:10:35,072 [WARN] PackLoader:240 - Cannot read IP mode file for STMicroelectronics.X-CUBE-BLEMGR.4.0.0
2025-12-05 21:10:35,080 [WARN] PackLoader:240 - Cannot read IP mode file for STMicroelectronics.X-CUBE-ST60.1.1.0
2025-12-05 21:10:35,086 [WARN] PackLoader:240 - Cannot read IP mode file for emotas.I-CUBE-CANOPEN.1.3.0
2025-12-05 21:10:35,091 [WARN] PackLoader:240 - Cannot read IP mode file for STMicroelectronics.X-CUBE-GNSS1.7.1.0
2025-12-05 21:10:35,096 [WARN] ConditionMgr:438 - getConditionDescription Invalid condition id : Cortex-A Device cause : null
2025-12-05 21:10:35,108 [WARN] ConditionMgr:1044 - genDependencies : Invalid condition id : Cortex-A Device cause : null
2025-12-05 21:10:35,108 [WARN] ConditionMgr:1044 - genDependencies : Invalid condition id : Cortex-A Device cause : null
2025-12-05 21:10:35,108 [WARN] ConditionMgr:1044 - genDependencies : Invalid condition id : Cortex-A Device cause : null
2025-12-05 21:10:35,115 [WARN] PackLoader:240 - Cannot read IP mode file for STMicroelectronics.FP-SNS-STBOX1.2.1.0
2025-12-05 21:10:35,122 [WARN] PackLoader:240 - Cannot read IP mode file for STMicroelectronics.FP-SNS-SMARTAG2.1.2.0
2025-12-05 21:10:35,127 [WARN] PackLoader:240 - Cannot read IP mode file for STMicroelectronics.FP-SNS-FLIGHT1.5.1.0
2025-12-05 21:10:35,133 [INFO] UserAuth:487 - Internet connection configuration mode: 1
2025-12-05 21:10:35,139 [INFO] LogOutputStream:77 - [STDOUT_REDIRECT] 1 : Invalid condition id : UX_CORESTACK_Condition cause : null
2025-12-05 21:10:35,142 [INFO] LogOutputStream:77 - [STDOUT_REDIRECT] 1 : Invalid condition id : UX_CORESTACK_Condition cause : null
2025-12-05 21:10:35,143 [INFO] LogOutputStream:77 - [STDOUT_REDIRECT] 1 : Invalid condition id : UX_CORESTACK_Condition cause : null
2025-12-05 21:10:35,143 [INFO] LogOutputStream:77 - [STDOUT_REDIRECT] 1 : Invalid condition id : UX_CORESTACK_Condition cause : null
2025-12-05 21:10:35,144 [INFO] LogOutputStream:77 - [STDOUT_REDIRECT] 1 : Invalid condition id : UX_CORESTACK_Condition cause : null
2025-12-05 21:10:35,147 [WARN] PackLoader:240 - Cannot read IP mode file for STMicroelectronics.X-CUBE-AZRTOS-WL.2.0.0
2025-12-05 21:10:35,152 [WARN] PackLoader:240 - Cannot read IP mode file for STMicroelectronics.FP-SNS-MOTENV1.5.0.0
2025-12-05 21:10:35,174 [WARN] PackLoader:240 - Cannot read IP mode file for STMicroelectronics.X-CUBE-AZRTOS-H7RS.1.2.0
2025-12-05 21:10:35,183 [WARN] PackLoader:240 - Cannot read IP mode file for WES.I-CUBE-Cesium.1.3.0
2025-12-05 21:10:35,187 [WARN] PackLoader:240 - Cannot read IP mode file for STMicroelectronics.X-CUBE-BLE2.3.3.0
2025-12-05 21:10:35,199 [WARN] PackLoader:240 - Cannot read IP mode file for STMicroelectronics.X-CUBE-NFC9.1.0.0
2025-12-05 21:10:35,204 [WARN] PackLoader:240 - Cannot read IP mode file for wolfSSL.I-CUBE-wolfSSL.5.8.0
2025-12-05 21:10:35,208 [WARN] PackLoader:240 - Cannot read IP mode file for STMicroelectronics.X-CUBE-BLE1.7.1.0
2025-12-05 21:10:35,211 [WARN] PackLoader:240 - Cannot read IP mode file for wolfSSL.I-CUBE-wolfMQTT.1.19.2
2025-12-05 21:10:35,216 [WARN] PackLoader:240 - Cannot read IP mode file for STMicroelectronics.X-CUBE-FREERTOS.1.4.0
2025-12-05 21:10:35,222 [WARN] PackLoader:240 - Cannot read IP mode file for STMicroelectronics.X-CUBE-EEPRMA1.5.2.0
2025-12-05 21:10:35,229 [WARN] PackLoader:240 - Cannot read IP mode file for STMicroelectronics.X-CUBE-ST67W61.1.1.0
2025-12-05 21:10:35,233 [WARN] PackLoader:240 - Cannot read IP mode file for STMicroelectronics.X-CUBE-AI.10.1.0
2025-12-05 21:10:35,281 [WARN] PackLoader:240 - Cannot read IP mode file for STMicroelectronics.X-CUBE-MEMS1.12.0.0
2025-12-05 21:10:35,405 [WARN] PackLoader:240 - Cannot read IP mode file for STMicroelectronics.X-CUBE-AZRTOS-G0.1.1.0
2025-12-05 21:10:35,413 [WARN] PackLoader:240 - Cannot read IP mode file for STMicroelectronics.X-CUBE-SAFEA1.1.2.2
2025-12-05 21:10:35,420 [WARN] PackLoader:240 - Cannot read IP mode file for STMicroelectronics.X-CUBE-NFC4.3.0.0
2025-12-05 21:10:35,428 [WARN] PackLoader:240 - Cannot read IP mode file for EmbeddedOffice.I-CUBE-FS-RTOS.1.0.1
2025-12-05 21:10:35,433 [WARN] PackLoader:240 - Cannot read IP mode file for STMicroelectronics.X-CUBE-WB05N.2.0.0
2025-12-05 21:10:35,437 [WARN] PackLoader:240 - Cannot read IP mode file for wolfSSL.I-CUBE-wolfTPM.3.8.0
2025-12-05 21:10:35,442 [WARN] PackLoader:240 - Cannot read IP mode file for STMicroelectronics.X-CUBE-TCPP.4.2.0
2025-12-05 21:10:35,448 [WARN] PackLoader:240 - Cannot read IP mode file for RealThread.X-CUBE-RT-Thread_Nano.4.1.1
2025-12-05 21:10:35,451 [WARN] PackLoader:240 - Cannot read IP mode file for STMicroelectronics.FP-ATR-SIGFOX1.3.2.0
2025-12-05 21:10:35,457 [WARN] PackLoader:240 - Cannot read IP mode file for STMicroelectronics.X-CUBE-EEPRMA1.5.1.0
2025-12-05 21:10:35,463 [WARN] PackLoader:240 - Cannot read IP mode file for ITTIA_DB.I-CUBE-ITTIADB.8.9.0
2025-12-05 21:10:35,468 [WARN] PackLoader:240 - Cannot read IP mode file for STMicroelectronics.X-CUBE-ST67W61.1.0.0
2025-12-05 21:10:35,472 [WARN] PackLoader:240 - Cannot read IP mode file for STMicroelectronics.X-CUBE-AI.10.2.0
2025-12-05 21:10:35,496 [WARN] PackLoader:240 - Cannot read IP mode file for SEGGER.I-CUBE-embOS.1.3.1
2025-12-05 21:10:35,532 [WARN] PackLoader:240 - Cannot read IP mode file for STMicroelectronics.X-CUBE-ALGOBUILD.1.4.0
2025-12-05 21:10:35,561 [WARN] PackLoader:240 - Cannot read IP mode file for STMicroelectronics.X-CUBE-MEMS1.11.3.0
2025-12-05 21:10:35,643 [WARN] PackLoader:240 - Cannot read IP mode file for STMicroelectronics.X-CUBE-PM33A1.1.0.0
2025-12-05 21:10:35,659 [WARN] PackLoader:240 - Cannot read IP mode file for STMicroelectronics.X-CUBE-AZRTOS-F4.1.1.0
2025-12-05 21:10:35,665 [WARN] PackLoader:240 - Cannot read IP mode file for Avnet-IotConnect.X-CUBE-IoTC-DA16k-PMOD.1.0.0
2025-12-05 21:10:35,668 [WARN] PackLoader:240 - Cannot read IP mode file for STMicroelectronics.X-CUBE-ISPU.2.1.0
2025-12-05 21:10:35,680 [WARN] PackLoader:240 - Cannot read IP mode file for STMicroelectronics.X-CUBE-IPS.3.2.0
2025-12-05 21:10:35,691 [WARN] PackLoader:240 - Cannot read IP mode file for STMicroelectronics.X-CUBE-NFC12.1.0.0
2025-12-05 21:10:35,710 [WARN] PackLoader:240 - Cannot read IP mode file for STMicroelectronics.X-CUBE-AZRTOS-L5.2.0.0
2025-12-05 21:10:35,719 [WARN] PackLoader:240 - Cannot read IP mode file for STMicroelectronics.X-CUBE-NFC6.3.1.0
2025-12-05 21:10:35,726 [WARN] PackLoader:240 - Cannot read IP mode file for STMicroelectronics.X-CUBE-FREERTOS.1.3.1
2025-12-05 21:10:35,730 [WARN] PackLoader:240 - Cannot read IP mode file for STMicroelectronics.X-CUBE-TOUCHGFX.4.26.0
2025-12-05 21:10:35,734 [WARN] PackLoader:240 - Cannot read IP mode file for STMicroelectronics.FP-SNS-STAIOTCFT.1.0.0
2025-12-05 21:10:35,739 [WARN] PackLoader:240 - Cannot read IP mode file for STMicroelectronics.X-CUBE-DPower.1.3.0
2025-12-05 21:10:35,755 [WARN] ConditionMgr:438 - getConditionDescription Invalid condition id : LAN8742 Phy interface Condition cause : null
2025-12-05 21:10:35,756 [WARN] PackLoader:240 - Cannot read IP mode file for STMicroelectronics.X-CUBE-AZRTOS-L4.2.0.0
2025-12-05 21:10:35,757 [WARN] ConditionMgr:1044 - genDependencies : Invalid condition id : LAN8742 Phy interface Condition cause : null
2025-12-05 21:10:35,758 [WARN] ConditionMgr:1044 - genDependencies : Invalid condition id : LAN8742 Phy interface Condition cause : null
2025-12-05 21:10:35,758 [WARN] ConditionMgr:1044 - genDependencies : Invalid condition id : LAN8742 Phy interface Condition cause : null
2025-12-05 21:10:35,765 [WARN] PackLoader:240 - Cannot read IP mode file for STMicroelectronics.X-CUBE-SFXS2LP1.4.0.0
2025-12-05 21:10:35,767 [INFO] WebApp:191 - Connection restablished
2025-12-05 21:10:35,776 [WARN] PackLoader:240 - Cannot read IP mode file for STMicroelectronics.X-CUBE-BLEMGR.4.1.0
2025-12-05 21:10:35,789 [WARN] ConditionMgr:438 - getConditionDescription Invalid condition id : UX DEVICE CLASS RTOS Condition cause : null
2025-12-05 21:10:35,789 [WARN] ConditionMgr:438 - getConditionDescription Invalid condition id : UX DEVICE CLASS RTOS Condition cause : null
2025-12-05 21:10:35,791 [WARN] PackLoader:240 - Cannot read IP mode file for STMicroelectronics.X-CUBE-AZRTOS-WB.2.0.0
2025-12-05 21:10:35,792 [WARN] ConditionMgr:1044 - genDependencies : Invalid condition id : UX DEVICE CLASS RTOS Condition cause : null
2025-12-05 21:10:35,792 [WARN] ConditionMgr:1044 - genDependencies : Invalid condition id : UX DEVICE CLASS RTOS Condition cause : null
2025-12-05 21:10:35,793 [WARN] ConditionMgr:1044 - genDependencies : Invalid condition id : UX DEVICE CLASS RTOS Condition cause : null
2025-12-05 21:10:35,793 [WARN] ConditionMgr:1044 - genDependencies : Invalid condition id : UX DEVICE CLASS RTOS Condition cause : null
2025-12-05 21:10:35,793 [WARN] ConditionMgr:1044 - genDependencies : Invalid condition id : UX DEVICE CLASS RTOS Condition cause : null
2025-12-05 21:10:35,798 [WARN] PackLoader:240 - Cannot read IP mode file for STMicroelectronics.X-CUBE-GNSS1.7.0.1
2025-12-05 21:10:35,801 [WARN] PackLoader:240 - Cannot read IP mode file for STMicroelectronics.X-CUBE-TOUCHGFX.4.25.0
2025-12-05 21:10:35,806 [WARN] PackLoader:240 - Cannot read IP mode file for STMicroelectronics.FP-SNS-STBOX1.2.0.0
2025-12-05 21:10:35,816 [WARN] PackLoader:240 - Cannot read IP mode file for STMicroelectronics.X-CUBE-SUBG2.5.0.0
2025-12-05 21:10:35,837 [WARN] PackLoader:240 - Cannot read IP mode file for STMicroelectronics.X-CUBE-AZRTOS-H7RS.1.1.0
2025-12-05 21:10:35,842 [WARN] PackLoader:240 - Cannot read IP mode file for Cesanta.I-CUBE-Mongoose.7.13.0
2025-12-05 21:10:35,862 [WARN] PackLoader:240 - Cannot read IP mode file for STMicroelectronics.X-CUBE-AZRTOS-G4.2.0.0
2025-12-05 21:10:35,869 [WARN] PackLoader:240 - Cannot read IP mode file for wolfSSL.I-CUBE-wolfSSH.1.4.20
2025-12-05 21:10:35,874 [WARN] PackLoader:240 - Cannot read IP mode file for STMicroelectronics.X-CUBE-NFC7.2.0.0
2025-12-05 21:10:35,887 [WARN] PackLoader:240 - Cannot read IP mode file for STMicroelectronics.X-CUBE-IPS.3.1.0
2025-12-05 21:10:35,899 [WARN] PackLoader:240 - Cannot read IP mode file for STMicroelectronics.X-CUBE-ALS.1.0.2
2025-12-05 21:10:35,906 [WARN] PackLoader:240 - Cannot read IP mode file for STMicroelectronics.X-CUBE-STSE01.1.0.0
2025-12-05 21:10:35,912 [WARN] PackLoader:240 - Cannot read IP mode file for portGmbH.I-Cube-SoM-uGOAL.1.1.0
2025-12-05 21:10:35,924 [WARN] PackLoader:240 - Cannot read IP mode file for STMicroelectronics.X-CUBE-TOF1.3.4.3
2025-12-05 21:10:35,932 [INFO] ThirdParty:978 - Integrity check success = true
2025-12-05 21:10:35,933 [INFO] IntegrityCheckThread:100 - exiting critical section [integrity check]
2025-12-05 21:10:35,933 [INFO] IntegrityCheckThread:103 - End integrity checks thread
